nivel_educacion,experiencia_anios,python_score,sql_score,java_score,num_certificaciones,proyectos_open_source,puntaje_test_online,disponibilidad_inmediata,edad,seleccionado
Titulado,14,26.17,57.2,64.83,2,9,95.44,0,32,0
Maestria,11,24.7,80.54,17.24,4,2,73.82,0,27,0
Tecnico,13,90.63,76.02,87.24,1,7,73.44,0,21,0
Titulado,15,24.95,15.39,61.31,3,4,7.25,1,26,0
Titulado,7,27.19,14.92,15.72,4,7,89.53,1,30,0
Maestria,2,75.94,26.82,96.23,4,1,44.37,0,36,0
Tecnico,7,44.97,36.11,51.84,1,6,65.97,1,43,0
Tecnico,14,77.67,40.85,7.29,2,8,95.97,1,33,0
Titulado,4,6.54,67.97,62.68,3,6,10.0,0,32,0
Bachiller,0,48.76,5.67,25.32,0,2,48.23,0,34,0
Titulado,6,3.36,3.47,80.37,1,6,4.96,0,41,1
Titulado,4,6.27,39.19,81.78,2,7,49.95,1,40,1
Titulado,5,90.64,69.72,97.89,3,0,25.23,0,44,1
Titulado,15,13.92,19.34,50.19,2,2,91.11,0,28,1
Maestria,5,53.24,64.15,45.5,1,4,39.85,1,22,0
Tecnico,7,41.11,25.98,75.35,1,5,63.39,1,44,0
Maestria,8,34.73,88.61,13.25,0,2,86.03,1,32,1
Maestria,1,89.98,89.57,54.69,2,3,98.37,1,32,0
Maestria,8,2.18,29.73,54.62,2,4,50.38,1,28,0
Titulado,11,66.38,23.0,8.95,1,2,45.58,1,37,1
Bachiller,14,96.34,41.13,41.8,2,3,7.57,1,24,0
Tecnico,10,56.02,24.05,85.33,3,4,1.27,1,30,0
Bachiller,9,93.68,67.24,85.62,2,1,60.88,0,21,0
Maestria,8,5.23,82.61,9.92,2,9,6.55,1,36,0
Maestria,12,41.88,67.31,9.07,3,8,38.04,0,42,1
Bachiller,9,26.02,82.44,26.27,2,9,0.36,1,39,0
Bachiller,14,73.08,39.7,87.48,2,7,61.52,1,40,1
Bachiller,15,98.13,15.63,12.89,1,5,42.54,0,23,1
Maestria,9,25.65,73.8,72.0,4,9,12.7,1,41,0
Maestria,15,65.42,36.05,10.12,5,2,29.64,0,37,0
Tecnico,6,19.81,67.13,62.31,1,1,56.97,1,43,0
Tecnico,0,56.53,27.06,35.61,1,6,65.67,0,39,1
Maestria,6,46.39,8.12,78.89,4,7,46.23,0,27,0
Bachiller,9,97.2,99.26,23.37,2,9,80.4,1,38,1
Bachiller,4,60.85,15.62,63.92,4,0,11.24,0,31,0
Tecnico,5,34.95,98.84,23.57,3,5,8.45,0,30,0
Maestria,9,11.41,97.73,71.37,2,6,4.42,1,35,1
Tecnico,6,15.12,79.38,87.37,2,8,53.58,1,24,0
Tecnico,13,22.53,65.94,12.68,0,2,70.62,0,22,0
Titulado,14,25.1,57.78,86.66,2,1,13.05,1,31,0
Titulado,4,85.06,86.61,59.36,0,4,63.89,0,34,1
Titulado,6,56.12,28.94,12.71,4,9,47.69,0,35,1
Bachiller,8,52.34,46.77,42.75,3,0,98.73,0,32,1
Maestria,2,11.48,61.94,16.09,3,5,71.75,1,26,0
Maestria,15,86.01,41.12,70.03,0,8,65.75,1,34,0
Maestria,7,72.28,42.75,75.89,4,9,57.04,0,22,0
Maestria,1,6.77,33.03,10.58,2,8,99.74,0,31,0
Titulado,10,70.78,56.42,50.61,1,6,98.05,0,27,0
Bachiller,6,54.35,85.06,81.46,1,6,53.81,1,44,0
Bachiller,12,8.17,20.15,93.62,3,7,45.52,0,31,0
Titulado,1,45.83,93.44,51.35,2,9,46.21,1,37,1
Bachiller,14,48.47,68.91,95.03,1,1,42.83,0,22,1
Titulado,13,16.58,82.33,53.57,2,5,53.14,0,31,1
Maestria,3,94.57,55.62,39.42,1,4,27.36,0,42,0
Titulado,6,85.0,77.95,84.82,2,4,92.68,0,40,0
Maestria,2,66.9,1.62,49.3,3,2,49.02,1,42,0
Maestria,1,46.23,81.84,47.19,2,2,84.2,1,21,0
Tecnico,10,41.18,4.01,49.03,1,5,47.53,1,33,0
Titulado,9,65.1,88.99,84.68,0,9,71.83,1,33,1
Tecnico,6,54.54,99.2,83.19,0,9,33.69,1,23,0
Titulado,0,6.23,29.41,40.35,1,6,62.48,0,36,0
Titulado,13,51.25,21.03,33.33,2,0,49.84,1,34,0
Tecnico,14,80.64,76.54,49.19,2,2,36.71,1,35,0
Tecnico,7,45.92,25.3,57.28,2,0,88.16,1,24,0
Titulado,2,5.2,86.56,23.83,1,9,11.27,1,43,0
Bachiller,11,78.63,10.28,79.4,1,2,48.69,0,36,0
Maestria,11,20.14,12.6,48.65,2,4,19.44,0,42,0
Tecnico,12,25.86,97.92,33.4,0,8,86.11,0,26,0
Maestria,1,16.47,67.38,10.68,1,2,25.35,1,42,0
Bachiller,2,33.02,84.69,23.88,3,9,63.34,0,34,0
Bachiller,4,75.68,32.43,94.93,0,9,16.56,0,36,0
Bachiller,10,51.94,67.65,30.51,0,8,40.49,1,31,1
Tecnico,7,20.49,59.42,16.89,1,0,89.94,1,30,0
Bachiller,9,87.78,60.32,46.07,1,5,16.61,1,38,0
Tecnico,6,87.96,68.25,30.71,0,8,66.32,0,30,1
Bachiller,6,87.06,57.54,3.52,2,4,20.45,1,21,0
Maestria,11,23.88,42.91,32.31,2,9,41.57,0,34,1
Maestria,6,45.12,27.59,54.41,2,1,54.06,0,24,1
Titulado,14,98.5,76.86,55.17,0,4,57.73,0,37,0
Maestria,7,77.2,22.63,35.66,3,0,60.25,0,40,1
Titulado,0,2.72,69.24,44.73,0,8,64.01,0,40,0
Maestria,3,6.52,23.33,96.55,2,9,27.18,1,35,0
Tecnico,12,46.39,62.53,37.73,3,9,40.14,0,23,1
Maestria,5,90.92,74.71,25.82,4,8,3.73,0,42,1
Titulado,8,53.87,21.87,24.35,2,5,76.88,0,29,0
Titulado,12,49.78,5.99,45.78,2,8,83.71,0,41,0
Bachiller,1,10.55,13.1,75.95,1,2,19.92,0,21,0
Tecnico,0,65.68,60.6,20.6,4,3,20.14,1,34,0
Maestria,15,82.21,84.94,70.93,3,5,4.2,0,23,0
Bachiller,12,38.04,4.5,2.11,3,3,97.04,0,35,1
Maestria,9,77.56,73.42,41.89,2,0,80.72,0,26,0
Maestria,11,96.45,34.13,77.59,1,6,36.07,0,44,0
Bachiller,13,20.38,47.85,33.87,3,4,48.19,1,44,0
Bachiller,1,52.33,92.89,56.37,1,7,29.2,0,31,0
Bachiller,6,28.71,33.2,20.5,0,8,59.72,0,22,0
Bachiller,2,79.29,46.53,74.2,3,4,71.73,0,36,0
Bachiller,9,57.76,1.37,5.23,2,7,44.74,0,28,1
Maestria,1,63.46,8.16,85.25,3,0,87.36,1,27,0
Bachiller,13,79.79,25.86,19.82,3,0,51.7,1,42,0
Tecnico,10,39.6,2.79,87.44,0,6,14.43,1,25,1
Titulado,6,91.51,63.14,35.25,3,5,62.23,0,34,0
Bachiller,12,53.3,42.64,72.27,2,4,46.22,1,29,0
Bachiller,12,15.8,54.81,31.92,2,4,93.57,1,42,1
Maestria,1,69.59,17.46,90.59,3,8,39.19,1,44,0
Bachiller,15,79.33,29.59,12.66,1,0,40.29,1,25,0
Bachiller,15,31.68,66.38,17.85,1,7,65.08,1,34,1
Bachiller,2,85.72,96.53,49.3,2,1,52.7,0,33,1
Maestria,10,90.61,5.04,8.19,1,6,37.44,1,38,0
Bachiller,6,27.69,89.04,19.6,0,5,98.98,1,32,0
Titulado,13,98.35,57.69,94.38,2,9,30.22,1,33,0
Maestria,3,14.07,56.39,97.65,4,1,27.75,0,22,0
Titulado,12,20.2,50.03,37.63,2,2,86.44,0,23,0
Maestria,13,18.42,6.94,92.33,0,3,0.34,1,33,1
Bachiller,0,89.4,8.99,54.48,1,6,20.13,0,33,0
Titulado,12,65.43,60.09,26.97,5,7,59.04,0,27,0
Maestria,13,15.21,34.1,70.24,4,1,16.25,1,29,0
Tecnico,4,44.03,91.73,65.89,4,7,98.58,0,28,1
Bachiller,11,61.53,40.66,98.91,4,8,46.42,1,33,0
Maestria,8,8.35,14.33,26.5,3,6,59.74,1,27,0
Tecnico,15,88.24,71.47,67.21,2,0,16.04,1,30,1
Maestria,7,80.36,29.34,5.2,1,5,28.94,0,29,0
Tecnico,11,50.52,52.55,11.36,1,7,61.46,1,37,0
Bachiller,14,96.71,69.78,0.39,1,4,54.96,1,23,0
Titulado,8,41.78,90.03,99.95,0,1,78.44,0,23,1
Tecnico,9,98.41,79.22,80.23,1,4,26.92,1,31,1
Maestria,13,66.79,67.64,78.67,4,7,65.35,0,37,0
Bachiller,8,63.47,67.96,50.97,0,1,29.1,0,27,0
Tecnico,14,16.6,94.59,30.01,1,0,58.68,1,22,0
Maestria,6,88.19,29.58,15.13,3,3,60.5,0,37,0
Maestria,3,42.75,0.11,28.47,1,3,12.18,1,26,1
Maestria,4,16.22,27.2,37.6,2,8,54.86,0,20,0
Tecnico,0,1.26,21.79,75.63,1,2,1.19,0,41,1
Tecnico,13,55.98,66.18,53.97,2,3,50.12,0,32,0
Tecnico,0,52.74,63.37,7.75,3,2,69.75,0,22,1
Titulado,2,71.94,59.35,1.8,1,1,7.28,1,22,1
Tecnico,12,89.03,1.62,10.23,5,3,93.87,1,34,0
Tecnico,13,7.94,72.88,41.05,5,7,45.88,0,40,0
Tecnico,7,73.15,32.35,93.32,1,0,93.84,1,38,0
Titulado,13,18.74,66.51,63.74,0,7,10.74,1,23,1
Tecnico,1,85.82,55.66,80.18,1,7,94.99,1,32,0
Maestria,3,81.91,34.27,46.64,3,2,10.92,1,32,1
Tecnico,1,54.08,13.46,36.17,1,9,46.15,1,34,0
Maestria,13,71.02,9.44,10.84,0,9,93.8,1,38,0
Maestria,4,31.44,83.15,87.59,3,5,23.27,1,35,0
Maestria,8,47.12,91.84,78.32,2,3,3.48,0,26,1
Titulado,15,82.16,64.98,16.81,0,0,79.31,1,22,0
Titulado,0,45.93,10.34,51.23,0,0,59.59,0,39,0
Titulado,4,35.78,40.2,48.74,1,4,51.39,0,21,1
Tecnico,13,49.42,72.89,62.51,2,7,3.43,0,37,1
Maestria,14,82.82,77.98,94.62,1,0,65.32,1,44,1
Titulado,8,33.52,11.82,57.98,0,1,17.16,1,30,0
Titulado,14,17.38,0.0,54.02,3,6,93.12,0,20,0
Tecnico,0,71.2,71.21,5.03,0,7,68.57,0,35,0
Titulado,8,82.6,35.66,6.29,2,2,70.7,1,36,1
Tecnico,7,10.06,25.45,18.73,1,7,23.26,1,35,0
Bachiller,3,23.99,1.29,3.25,1,0,88.08,1,29,0
Titulado,11,14.2,54.03,74.34,3,8,53.77,0,36,1
Bachiller,10,34.79,85.12,72.33,2,1,85.71,0,22,0
Tecnico,9,45.04,95.76,13.61,3,1,27.09,1,37,0
Maestria,4,74.88,56.57,83.61,3,3,75.55,1,38,0
Titulado,12,65.11,51.45,15.48,5,9,57.46,0,33,0
Tecnico,4,62.09,8.51,30.12,2,2,4.84,1,40,0
Maestria,10,35.24,54.89,24.9,0,3,40.53,1,44,1
Maestria,11,84.14,38.0,37.23,1,5,18.39,0,21,1
Bachiller,5,47.13,60.71,25.47,1,6,35.92,0,31,0
Tecnico,6,97.91,38.87,48.9,2,4,38.34,0,30,0
Maestria,7,63.41,24.03,40.74,3,1,47.49,0,36,0
Titulado,14,12.63,9.5,98.66,4,2,60.03,1,25,1
Titulado,13,67.62,31.49,5.59,0,9,57.1,0,38,0
Bachiller,7,32.51,9.66,14.22,1,2,3.9,1,32,1
Maestria,10,68.63,17.69,5.28,2,4,75.07,1,26,1
Tecnico,13,6.96,98.73,62.58,2,4,94.92,1,41,0
Titulado,12,17.49,44.41,5.45,3,3,34.87,0,30,0
Maestria,1,85.57,53.19,83.64,1,7,17.97,0,26,0
Maestria,8,22.72,87.36,51.19,1,5,54.0,1,32,0
Bachiller,6,83.7,99.56,52.7,2,5,70.49,1,32,0
Titulado,3,27.93,58.27,56.16,0,0,67.89,0,40,0
Titulado,3,64.29,81.25,17.08,3,5,61.21,1,20,0
Tecnico,10,69.42,32.69,19.77,3,2,14.62,1,38,0
Titulado,7,51.27,30.57,31.88,3,5,83.68,1,38,0
Tecnico,3,30.53,40.27,59.35,3,9,42.56,1,42,0
Titulado,12,21.26,67.25,21.01,2,5,22.15,1,34,0
Bachiller,14,3.32,68.22,11.63,5,1,8.63,1,33,1
Titulado,5,30.39,31.52,97.01,3,0,41.67,1,22,1
Tecnico,4,65.32,13.32,2.2,1,2,61.8,1,40,0
Tecnico,2,93.83,63.24,80.27,4,4,66.54,0,39,0
Bachiller,12,87.12,12.83,78.8,2,3,96.27,0,23,0
Titulado,13,76.61,57.85,29.72,2,6,15.31,1,26,0
Titulado,9,78.84,69.34,13.56,0,3,98.58,1,20,0
Bachiller,10,66.5,70.06,14.56,1,7,65.47,0,42,1
Titulado,1,26.03,75.35,69.74,2,6,45.42,0,43,0
Titulado,8,90.72,87.29,64.28,1,9,88.82,0,38,0
Tecnico,9,67.07,50.0,78.27,3,8,69.45,1,22,1
Titulado,8,56.04,73.02,93.75,5,0,34.87,0,39,0
Titulado,0,11.1,61.92,69.19,2,4,88.41,0,34,0
Bachiller,9,44.71,18.66,15.59,2,3,66.66,1,32,1
Bachiller,2,46.04,2.57,24.34,2,5,69.88,0,41,0
Maestria,7,86.46,28.45,84.22,1,0,89.64,1,33,0
Tecnico,5,54.66,44.3,20.93,1,5,44.84,0,26,1
Titulado,4,38.04,61.71,7.25,3,0,65.69,0,20,1
Titulado,4,97.68,85.0,70.33,4,0,74.47,0,32,1
Maestria,5,11.07,19.62,40.25,2,7,45.39,0,23,1
Titulado,14,42.25,12.55,92.0,4,1,8.35,0,31,0
Tecnico,6,4.2,96.35,65.03,2,9,77.14,1,26,1
Maestria,0,73.99,10.8,9.04,3,5,4.78,1,21,1
Tecnico,8,91.81,47.85,94.79,2,5,71.79,0,36,1
Maestria,2,28.0,58.56,25.86,3,5,91.09,1,20,1
Maestria,3,85.83,54.14,33.72,2,7,34.7,0,33,0
Bachiller,9,29.22,8.6,40.23,3,3,10.21,0,41,1
Tecnico,0,91.08,5.7,5.12,0,2,23.29,0,40,0
Titulado,12,75.4,10.55,49.65,2,5,56.23,0,20,0
Titulado,10,80.49,58.56,12.33,2,3,94.27,0,22,0
Tecnico,9,1.8,54.43,40.1,3,1,51.23,1,30,1
Titulado,2,96.28,23.37,35.07,2,5,11.27,1,26,0
Titulado,1,72.67,63.78,77.28,0,9,62.78,1,44,1
Tecnico,1,30.48,82.01,80.32,1,4,73.28,1,28,0
Maestria,13,82.94,4.16,15.34,4,8,39.33,0,41,0
Tecnico,0,28.15,49.81,36.66,2,5,72.15,1,22,0
Maestria,7,87.28,68.93,37.34,2,2,32.48,0,20,0
Titulado,2,11.26,25.23,15.14,1,4,78.91,0,38,1
Titulado,15,70.37,30.78,79.85,2,9,34.11,1,21,0
Titulado,2,54.07,61.36,70.72,1,7,25.61,1,40,0
Bachiller,5,9.65,89.79,19.04,2,8,87.92,0,43,0
Maestria,12,24.19,80.99,36.67,1,7,54.85,0,24,0
Bachiller,7,1.24,58.31,10.58,2,2,28.52,0,36,0
Bachiller,12,46.88,73.02,62.82,1,8,93.51,1,38,0
Tecnico,14,30.13,36.48,12.14,3,2,69.09,0,24,0
Bachiller,8,59.84,64.1,98.59,1,7,22.07,0,42,0
Tecnico,8,29.72,46.62,78.07,2,9,61.46,0,40,0
Tecnico,3,29.99,18.99,39.02,1,8,87.04,0,33,1
Bachiller,13,74.32,70.17,57.86,0,6,69.62,1,29,1
Maestria,4,4.81,55.65,91.13,1,3,24.48,1,40,0
Maestria,1,90.29,35.86,55.41,2,9,64.88,0,26,0
Maestria,10,85.23,91.13,17.45,0,8,61.92,1,27,0
Maestria,8,66.78,2.09,37.87,2,2,82.08,0,27,0
Maestria,7,59.32,31.58,84.31,2,2,17.81,1,26,0
Bachiller,2,89.23,5.69,64.42,0,1,69.96,1,32,0
Bachiller,10,18.53,76.65,65.07,1,9,2.74,1,33,0
Titulado,11,7.9,70.21,86.68,2,2,69.62,1,38,1
Maestria,12,23.95,33.14,89.4,0,0,96.04,0,30,1
Bachiller,8,79.46,67.57,91.98,4,3,17.44,0,21,0
Titulado,2,3.47,39.59,9.48,4,7,31.13,0,36,0
Maestria,8,58.28,75.63,54.41,1,4,58.29,1,25,0
Tecnico,1,99.54,45.42,74.05,2,1,73.24,1,28,0
Titulado,11,85.57,41.23,75.69,3,2,34.44,0,38,0
Bachiller,9,52.14,93.47,60.67,4,0,66.43,1,24,1
Tecnico,8,6.36,25.09,16.68,3,1,89.93,1,28,1
Tecnico,14,83.14,12.04,79.74,1,0,72.66,0,44,0
Tecnico,7,59.9,58.45,72.01,3,1,71.1,1,26,1
Titulado,8,11.49,96.93,8.61,1,2,38.2,0,23,0
Bachiller,4,9.39,37.78,46.38,1,0,91.14,1,37,0
Tecnico,10,90.96,6.2,17.4,1,8,27.73,0,37,0
Maestria,10,66.92,33.93,33.75,3,9,20.53,1,39,0
Tecnico,1,82.93,50.59,1.81,0,4,36.42,1,36,1
Tecnico,7,87.9,16.19,40.03,3,7,65.02,1,23,1
Titulado,11,57.18,65.81,54.99,0,4,86.17,1,41,0
Titulado,14,51.74,99.77,61.96,2,7,13.21,1,35,1
Bachiller,5,43.04,45.17,66.35,0,6,81.38,0,41,1
Maestria,7,31.69,35.47,83.63,0,3,81.28,1,42,0
Titulado,10,43.46,40.07,21.55,0,6,58.69,0,24,0
Tecnico,4,77.39,11.51,12.05,1,5,76.06,0,28,1
Bachiller,15,60.19,88.33,85.15,1,2,18.19,0,21,1
Tecnico,9,89.25,41.48,15.66,3,8,16.96,1,21,0
Tecnico,1,44.34,38.73,97.48,1,9,86.28,0,23,0
Titulado,5,60.71,65.97,84.25,0,8,49.81,1,39,0
Bachiller,4,63.13,44.2,50.09,3,4,24.59,1,39,1
Maestria,11,59.17,64.82,98.14,2,7,68.87,1,36,1
Maestria,15,70.26,6.14,9.74,1,6,89.19,0,39,0
Titulado,12,23.74,81.37,30.31,1,8,63.23,1,40,0
Titulado,11,51.24,94.05,63.82,3,6,34.73,1,44,1
Bachiller,4,10.42,64.88,35.0,3,3,48.32,1,38,0
Maestria,12,38.45,95.46,92.84,1,3,75.23,0,22,1
Maestria,0,48.77,15.14,6.56,2,7,6.75,0,24,0
Maestria,1,65.22,47.74,54.94,3,5,21.72,0,29,0
Tecnico,7,95.05,60.18,59.09,2,8,46.26,0,25,0
Maestria,12,60.07,58.17,65.27,1,9,60.42,1,22,0
Tecnico,15,74.36,40.15,25.57,2,6,33.92,0,36,1
Bachiller,13,50.63,33.81,36.46,1,6,29.84,1,29,1
Tecnico,12,63.41,12.68,84.37,2,3,4.14,0,43,1
Bachiller,2,7.09,39.17,19.49,4,2,3.26,1,31,0
Maestria,9,25.44,16.27,82.69,1,7,27.87,0,20,0
Maestria,2,36.19,73.44,56.27,0,6,53.05,0,37,0
Bachiller,7,47.25,20.88,76.22,1,3,55.64,0,38,1
Titulado,7,4.56,5.86,71.36,4,3,49.4,1,41,0
Bachiller,1,14.0,55.24,20.75,2,0,40.99,1,39,1
Titulado,7,27.68,59.52,56.88,0,6,25.23,0,23,1
Tecnico,10,97.15,87.19,86.77,1,0,40.07,0,34,0
Tecnico,12,33.13,57.7,43.21,0,9,13.88,0,28,1
Tecnico,12,48.2,34.55,96.66,3,9,11.53,0,25,1
Maestria,0,19.61,80.3,45.22,1,3,29.99,0,31,1
Tecnico,5,61.08,54.03,14.28,2,2,99.53,0,37,0
Titulado,7,28.07,7.93,38.94,2,2,32.65,1,42,1
Tecnico,2,20.7,56.59,95.17,3,0,93.65,1,34,0
Bachiller,15,51.66,90.8,31.97,2,3,39.23,1,38,0
Bachiller,7,0.55,39.63,86.81,1,0,43.9,1,28,0
Maestria,11,0.77,29.63,88.13,4,7,79.71,1,41,0
Bachiller,0,21.91,14.35,35.02,2,0,9.36,1,43,1
Titulado,10,3.67,15.14,8.33,2,5,18.23,0,32,0
Tecnico,10,10.8,43.28,72.46,1,6,97.38,0,35,0
Maestria,15,33.89,59.57,31.15,4,9,50.59,0,32,0
Tecnico,8,80.26,8.06,78.29,1,1,4.43,0,20,1
Tecnico,12,57.2,93.96,44.27,3,3,4.74,0,37,1
Titulado,10,51.27,75.51,48.53,2,2,90.72,1,41,0
Bachiller,12,29.35,58.66,77.79,1,8,87.34,1,22,1
Bachiller,8,93.18,82.84,38.24,1,6,45.84,1,36,0
Tecnico,4,39.7,8.02,44.31,0,1,16.32,1,41,0
Maestria,9,8.71,47.68,37.62,1,5,83.03,1,24,1
Bachiller,3,61.71,63.01,36.73,1,8,32.46,0,44,1
Maestria,14,11.38,82.87,52.59,1,2,41.91,1,25,1
Bachiller,10,34.52,78.35,80.88,3,5,68.25,1,40,0
Maestria,5,50.74,27.71,36.18,2,2,35.34,1,36,0
Titulado,11,87.42,94.09,52.43,3,2,62.87,0,36,0
Maestria,6,49.35,12.43,67.07,0,3,88.53,0,20,0
Titulado,4,70.23,87.51,26.94,1,8,79.74,0,26,0
Titulado,10,99.28,97.09,27.75,1,7,38.16,0,41,0
Maestria,12,13.15,17.72,93.34,5,0,28.79,0,35,0
Titulado,9,27.47,72.21,72.35,5,0,28.55,0,24,0
Tecnico,8,39.46,4.03,57.72,3,6,34.86,1,35,0
Titulado,2,42.18,40.54,64.77,3,2,49.35,1,23,1
Bachiller,14,41.1,51.63,2.93,2,6,41.66,1,30,0
Maestria,6,90.76,58.06,61.81,2,8,13.3,0,33,1
Tecnico,9,71.4,93.59,50.95,2,2,16.35,0,32,0
Maestria,9,60.79,67.23,54.57,0,2,34.29,0,43,0
Bachiller,15,30.94,48.13,35.94,2,1,56.21,0,27,0
Bachiller,10,82.38,80.97,8.15,1,9,59.27,1,40,0
Bachiller,4,95.51,95.05,19.33,2,0,48.62,0,39,0
Titulado,13,82.12,2.21,95.07,2,8,73.88,0,34,1
Titulado,6,0.16,98.25,40.87,4,5,73.72,0,37,0
Maestria,14,63.64,8.61,46.67,4,5,42.76,0,26,0
Maestria,1,5.11,81.44,5.27,2,7,12.44,0,40,0
Tecnico,3,25.76,28.03,3.76,2,4,53.02,1,38,1
Tecnico,1,5.95,13.22,71.72,4,8,38.15,0,44,0
Maestria,13,60.38,43.99,53.81,2,4,13.79,0,28,1
Titulado,12,68.66,64.4,50.87,4,1,98.18,1,30,0
Bachiller,12,11.45,38.1,24.31,0,5,36.98,0,29,0
Maestria,11,38.38,5.46,74.48,0,8,62.58,0,33,0
Tecnico,6,45.62,59.95,16.82,2,2,49.01,1,35,1
Titulado,1,36.91,90.24,18.99,2,9,14.28,1,27,1
Maestria,15,12.1,38.32,46.07,3,3,5.55,1,20,0
Maestria,12,41.89,21.63,28.63,3,9,62.58,1,31,0
Titulado,13,75.12,44.26,24.75,4,7,24.7,1,22,0
Maestria,10,7.1,4.84,64.52,1,5,24.37,1,21,0
Titulado,0,8.02,82.05,65.1,2,6,95.7,1,35,0
Bachiller,8,35.48,82.63,82.45,1,6,46.18,1,23,1
Titulado,0,94.17,58.8,41.77,1,3,2.94,1,21,1
Titulado,7,66.86,35.31,7.31,5,5,33.98,1,31,0
Titulado,14,67.87,79.98,27.37,1,8,58.45,0,43,1
Maestria,1,36.19,55.47,98.0,3,2,32.86,1,36,1
Maestria,11,59.37,82.59,59.63,1,7,2.69,1,39,0
Titulado,15,1.01,63.15,70.97,0,6,44.43,1,40,0
Maestria,7,63.61,78.44,0.74,1,3,10.59,1,29,1
Tecnico,12,91.33,59.86,51.82,0,9,61.92,1,39,0
Tecnico,2,61.26,41.41,3.75,1,2,61.96,0,27,0
Maestria,15,87.37,95.79,56.92,3,6,3.78,0,37,1
Maestria,5,72.4,54.11,92.08,2,9,29.07,0,44,0
Titulado,2,12.06,60.51,96.84,1,8,41.37,1,37,1
Bachiller,13,90.25,22.05,54.06,3,9,55.03,1,37,0
Maestria,6,6.64,62.57,45.82,3,2,29.61,0,21,0
Tecnico,9,53.4,57.16,94.5,0,9,28.77,1,31,0
Titulado,8,14.21,18.48,67.36,2,8,98.3,1,29,0
Maestria,15,1.17,5.96,6.49,1,7,4.19,0,27,0
Tecnico,1,42.2,60.44,46.57,2,2,98.9,1,38,0
Tecnico,14,29.5,76.37,24.02,0,7,4.78,1,29,1
Bachiller,11,48.6,52.34,46.98,3,3,28.83,1,30,0
Titulado,11,57.72,22.68,45.55,2,5,49.37,1,33,0
Titulado,14,4.37,66.65,58.21,4,9,14.33,1,34,0
Bachiller,13,12.3,8.01,35.68,1,1,13.48,1,43,0
Bachiller,4,55.86,44.18,16.43,4,7,25.63,1,42,0
Titulado,12,34.32,16.34,50.37,1,8,97.35,0,29,0
Titulado,5,72.92,18.45,83.02,1,6,38.01,0,23,1
Maestria,3,65.23,20.23,66.4,0,7,56.6,1,26,0
Maestria,3,84.56,38.67,33.84,4,6,70.43,1,30,1
Bachiller,15,69.25,5.12,93.55,4,9,74.22,0,43,0
Maestria,3,42.99,39.78,91.22,2,3,68.8,0,41,0
Tecnico,1,67.3,51.17,20.93,2,0,33.69,0,41,0
Maestria,3,27.54,48.33,3.94,2,2,11.17,0,22,1
Maestria,10,30.63,38.28,74.13,2,6,28.17,0,24,0
Tecnico,15,78.9,83.91,82.76,4,6,21.03,0,21,0
Bachiller,0,44.64,14.53,96.79,0,2,13.63,0,31,0
Tecnico,11,79.84,50.57,88.98,4,0,2.45,1,40,1
Maestria,5,82.24,6.2,60.05,1,9,93.57,0,24,1
Bachiller,0,85.76,7.12,53.01,1,8,92.1,0,26,0
Maestria,9,91.66,57.39,2.78,2,5,5.04,0,23,0
Tecnico,5,43.1,56.6,24.67,3,6,17.31,1,30,1
Tecnico,0,31.89,87.8,45.96,2,0,13.95,1,41,1
Maestria,5,58.22,55.79,62.85,7,0,28.12,1,28,0
Titulado,9,37.12,95.98,55.73,5,3,20.41,0,23,1
Titulado,7,60.11,4.87,74.26,2,6,94.59,0,41,0
Tecnico,10,70.56,9.8,27.98,3,7,8.42,0,28,0
Tecnico,1,68.84,4.41,56.5,2,9,21.17,1,31,0
Titulado,1,37.46,18.53,8.81,2,8,8.07,1,35,0
Titulado,13,16.69,54.13,41.37,2,0,98.04,1,20,0
Maestria,15,43.05,64.56,75.02,2,3,91.84,1,27,0
Maestria,14,14.26,4.56,69.34,2,3,71.66,1,20,0
Titulado,12,89.01,94.6,99.06,1,2,42.6,1,39,0
Maestria,11,34.59,84.22,27.79,0,6,19.02,0,38,0
Maestria,3,15.45,29.66,49.82,5,0,22.15,1,23,0
Bachiller,10,2.54,7.72,32.95,5,8,44.3,1,33,1
Maestria,2,64.58,16.99,44.06,1,7,76.82,1,42,0
Tecnico,3,63.69,12.69,85.7,2,1,26.47,1,33,0
Maestria,12,34.06,12.33,68.42,0,1,31.08,0,28,0
Maestria,11,7.17,51.86,88.24,1,7,59.99,0,28,1
Titulado,6,40.96,24.58,20.35,2,0,23.77,1,36,0
Tecnico,12,31.12,35.81,87.34,0,6,58.42,0,34,0
Maestria,10,67.71,98.95,5.98,2,8,38.71,0,29,1
Maestria,0,60.58,68.43,88.86,4,2,3.44,0,36,0
Bachiller,5,36.46,94.9,32.91,3,6,40.27,0,28,0
Maestria,14,21.79,14.26,31.46,3,5,91.95,0,23,0
Maestria,14,98.8,38.21,51.21,5,6,29.31,0,33,1
Bachiller,15,45.4,55.47,94.07,3,6,32.28,0,22,0
Titulado,2,68.83,7.68,4.78,6,9,6.59,1,44,1
Maestria,10,14.06,0.42,35.22,1,0,61.5,0,40,0
Bachiller,9,48.56,67.04,85.66,4,2,84.92,1,31,1
Tecnico,6,2.75,64.18,39.61,0,9,35.29,0,41,0
Titulado,9,50.55,41.08,19.92,2,0,24.02,0,20,0
Tecnico,1,96.4,48.96,42.48,4,4,95.66,0,20,0
Tecnico,13,38.42,41.54,38.56,2,2,74.51,1,32,0
Bachiller,1,3.9,2.4,91.54,3,0,56.72,0,33,0
Maestria,12,3.1,33.54,76.19,0,1,30.55,1,35,1
Bachiller,3,38.8,17.71,50.51,0,9,22.08,0,26,0
Bachiller,0,16.0,9.84,98.84,2,4,71.57,0,29,0
Bachiller,2,2.34,95.67,46.53,5,2,52.18,1,34,0
Bachiller,12,75.62,59.94,5.82,1,5,52.06,0,27,0
Titulado,8,45.85,72.87,26.23,1,8,7.37,0,30,1
Maestria,6,28.92,31.54,43.61,2,5,51.22,0,43,0
Tecnico,14,90.01,39.31,15.69,2,1,82.27,1,33,0
Tecnico,6,11.61,23.69,94.76,1,1,94.68,0,32,0
Maestria,12,95.59,9.7,76.68,0,7,10.67,0,42,0
Tecnico,12,31.4,17.9,26.83,3,7,63.12,0,32,0
Maestria,10,88.84,79.75,59.08,1,5,56.83,1,28,0
Tecnico,3,60.29,67.75,72.14,1,9,89.03,0,36,1
Bachiller,15,82.67,54.69,94.13,1,6,75.12,1,37,1
Tecnico,1,98.4,47.51,88.16,2,0,96.53,0,38,1
Maestria,14,28.84,92.24,51.52,2,8,96.0,0,32,1
Maestria,13,96.11,7.27,77.47,2,4,22.57,1,31,0
Maestria,3,38.95,28.06,56.21,0,8,72.54,1,40,0
Maestria,5,38.55,34.99,55.27,3,1,53.05,1,39,1
Maestria,10,34.04,78.24,11.47,4,7,21.46,1,39,1
Titulado,10,54.14,99.25,12.61,1,6,19.49,1,27,0
Titulado,2,15.41,24.07,52.95,5,3,8.11,0,43,0
Tecnico,0,55.37,87.43,26.89,2,2,79.55,0,30,0
Maestria,13,54.17,83.06,2.1,1,3,32.45,1,26,0
Tecnico,11,76.19,22.47,72.28,3,3,85.7,0,20,0
Maestria,7,83.36,39.93,3.25,2,9,60.83,0,29,1
Maestria,11,44.04,40.97,59.53,1,9,67.36,1,34,0
Titulado,12,30.23,97.82,53.92,2,7,29.17,1,23,0
Titulado,4,25.93,18.09,96.88,1,3,45.73,1,20,0
Bachiller,14,19.46,79.92,48.42,4,4,41.23,0,30,0
Titulado,15,5.76,33.42,6.36,3,1,23.57,1,24,0
Bachiller,4,34.24,73.09,55.17,3,3,83.25,0,38,1
Bachiller,10,27.02,42.0,84.11,5,6,62.21,1,38,1
Bachiller,3,96.64,57.84,99.68,1,2,3.74,1,23,1
Bachiller,5,55.77,83.26,43.03,3,0,81.99,1,21,0
Bachiller,2,34.73,80.42,32.03,3,7,10.6,1,26,0
Tecnico,8,58.05,86.64,90.67,5,7,40.37,0,32,1
Titulado,4,13.92,5.96,19.12,2,5,57.13,0,39,0
Bachiller,2,44.4,69.21,61.54,0,6,0.77,0,40,1
Maestria,10,62.62,14.0,40.57,2,9,65.29,1,31,1
Titulado,0,48.89,41.58,4.11,4,1,65.97,0,21,0
Titulado,9,40.18,54.86,34.73,1,4,65.25,0,41,0
Bachiller,11,99.38,40.27,26.52,4,6,16.35,0,28,0
Tecnico,5,88.03,51.96,68.61,2,8,25.57,1,35,0
Bachiller,14,62.34,99.65,94.88,1,0,24.74,0,27,0
Tecnico,1,56.94,13.52,26.8,2,2,96.01,1,43,1
Maestria,12,62.07,67.55,81.15,2,5,6.75,1,37,1
Titulado,2,20.13,39.6,5.54,2,6,42.88,0,23,0
Maestria,15,39.51,13.3,53.81,3,5,87.13,0,43,0
Tecnico,0,3.95,15.87,7.06,4,0,76.95,1,30,0
Tecnico,8,47.55,94.93,93.4,2,3,82.24,1,36,0
Maestria,7,54.3,87.96,76.64,0,5,97.23,1,27,0
Tecnico,11,22.77,90.7,65.79,2,7,38.73,0,38,0
Maestria,1,96.4,99.15,82.39,2,9,30.97,1,27,0
Titulado,14,90.95,20.83,64.75,1,3,3.07,1,25,0
Maestria,11,72.21,35.54,96.89,1,6,15.0,1,42,0
Titulado,15,53.34,66.92,71.4,1,2,56.2,0,21,0
Maestria,10,87.0,48.38,92.47,1,7,15.77,1,34,0
Tecnico,7,13.07,41.84,51.71,2,0,73.63,1,20,0
Maestria,11,79.05,35.78,11.71,1,3,3.72,1,25,0
Tecnico,13,12.48,59.38,52.82,2,7,25.95,1,38,1
Maestria,8,79.42,57.56,12.69,4,9,69.55,1,23,1
Maestria,0,27.58,16.15,59.25,4,3,25.55,0,32,0
Bachiller,12,87.71,47.17,48.25,2,1,72.88,0,34,0
Tecnico,4,94.4,55.35,62.26,2,1,99.59,1,28,0
Bachiller,7,14.88,57.03,1.0,2,3,79.71,1,22,0
Tecnico,14,46.27,21.01,19.48,0,3,34.18,1,21,1
Bachiller,10,98.1,74.23,49.13,1,1,90.06,1,35,0
Titulado,13,48.34,2.52,95.05,0,6,5.12,1,37,0
Maestria,1,86.35,35.48,38.36,1,5,72.5,1,37,0
Tecnico,3,58.87,78.02,42.44,1,2,2.33,0,25,1
Tecnico,6,37.53,56.39,71.47,3,7,17.46,1,37,1
Maestria,2,28.58,26.12,60.38,2,7,98.76,1,30,0
Tecnico,12,20.32,69.5,29.89,2,0,36.09,0,26,1
Tecnico,15,76.18,56.74,41.08,3,2,82.05,0,42,0
Bachiller,11,38.65,79.62,21.77,1,4,37.61,0,42,0
Tecnico,4,51.13,73.5,96.6,6,1,84.0,0,33,0
Titulado,7,49.23,61.01,13.06,2,4,96.54,1,37,0
Titulado,11,57.73,48.82,37.18,4,9,43.55,0,26,0
Maestria,9,86.56,13.32,2.58,2,2,55.93,0,29,1
Tecnico,2,98.07,26.13,22.18,0,8,62.86,0,27,1
Maestria,3,40.76,41.91,78.05,3,0,93.48,1,43,0
Titulado,13,82.75,59.93,20.12,1,3,25.67,1,33,0
Tecnico,14,76.45,51.37,8.01,1,9,61.12,1,37,0
Tecnico,8,57.35,28.82,47.45,2,5,32.47,0,24,0
Maestria,13,95.6,0.65,1.0,1,8,21.69,1,33,1
Titulado,13,20.05,49.62,8.48,3,2,8.49,0,41,0
Tecnico,6,10.93,28.56,80.76,2,2,62.07,0,44,0
Maestria,0,85.4,73.46,77.15,4,4,88.21,0,41,0
Titulado,13,43.91,2.39,91.51,0,6,35.14,0,41,0
Maestria,11,84.7,58.48,85.45,2,4,55.27,1,29,0
Bachiller,3,89.31,94.15,68.32,2,7,64.21,1,34,1
Tecnico,3,6.25,17.44,5.23,2,4,41.47,1,25,1
Bachiller,8,88.35,47.16,78.28,3,6,90.33,1,28,0
Titulado,5,44.83,9.14,84.55,3,5,36.28,0,29,1
Bachiller,15,51.04,62.57,79.91,0,9,12.5,0,42,1
Bachiller,8,62.66,55.05,50.85,2,1,14.4,0,36,0
Titulado,11,92.64,40.74,23.29,2,2,89.09,0,20,0
Maestria,14,1.91,52.14,84.53,3,3,98.8,0,33,0
Bachiller,5,47.68,89.66,72.72,3,4,28.89,1,23,0
Maestria,5,68.77,19.63,98.08,1,8,14.36,1,21,0
Bachiller,4,72.27,2.26,15.57,1,5,48.22,0,22,0
Maestria,4,69.25,86.17,22.57,2,0,70.95,0,26,0
Titulado,1,13.44,57.71,21.18,1,2,61.24,1,42,0
Bachiller,7,29.94,89.07,79.25,2,6,95.11,1,33,0
Titulado,7,35.87,59.69,18.69,5,7,81.78,0,31,0
Bachiller,10,80.44,81.02,6.67,4,6,86.9,1,38,0
Titulado,15,27.88,42.97,99.86,3,4,54.17,1,37,0
Titulado,12,21.07,74.99,2.48,4,9,32.73,0,34,0
Bachiller,0,95.74,91.3,83.52,0,7,70.17,0,20,0
Bachiller,7,0.89,57.21,36.54,0,8,43.91,1,44,1
Bachiller,4,99.78,18.08,84.16,0,6,28.78,1,22,0
Tecnico,1,67.68,26.88,55.46,1,8,15.23,0,44,0
Maestria,13,82.85,19.86,90.16,2,0,52.79,1,34,0
Tecnico,15,29.46,24.69,92.62,1,8,59.43,1,23,0
Tecnico,1,1.43,30.64,0.91,1,2,56.88,1,34,0
Titulado,13,73.79,55.51,7.54,0,5,11.65,0,29,0
Bachiller,14,83.41,58.8,25.04,3,7,57.0,1,25,1
Maestria,14,74.05,42.65,66.93,3,2,16.84,1,32,0
Titulado,5,14.29,61.54,88.83,2,3,66.37,0,26,0
Tecnico,15,75.34,8.16,45.99,2,6,42.94,0,41,1
Bachiller,10,76.89,8.78,60.7,1,6,84.88,1,20,0
Titulado,12,65.85,17.18,18.85,0,3,77.83,0,41,0
Bachiller,8,76.61,51.81,80.5,1,8,72.44,0,30,0
Titulado,0,84.59,21.4,96.73,0,2,70.07,1,33,1
Bachiller,11,61.36,28.33,26.86,4,7,56.05,0,25,1
Tecnico,5,8.86,40.03,49.48,2,7,6.11,1,24,0
Maestria,8,48.76,81.19,8.61,1,3,65.55,1,38,0
Tecnico,7,7.76,1.39,55.91,5,6,46.69,0,38,1
Maestria,10,40.75,64.94,50.28,1,3,46.96,1,32,0
Bachiller,5,40.71,66.89,14.44,2,0,37.9,1,26,1
Titulado,2,6.6,79.87,44.21,3,0,92.91,1,27,0
Tecnico,7,34.88,93.28,33.41,1,0,24.95,1,33,1
Maestria,8,11.1,2.01,52.18,1,1,31.66,1,38,1
Tecnico,0,80.82,15.38,58.57,2,5,96.3,0,38,0
Maestria,11,94.77,88.62,0.85,1,9,81.02,0,42,0
Tecnico,8,7.23,45.85,76.1,1,4,1.41,1,31,0
Maestria,13,95.51,56.46,71.3,2,1,90.61,1,42,0
Maestria,15,52.26,66.3,36.63,0,7,22.66,0,28,0
Bachiller,14,29.96,67.91,5.29,3,8,70.59,1,33,0
Maestria,15,7.69,93.17,75.49,1,6,55.31,1,25,0
Bachiller,5,50.06,99.69,95.52,1,8,53.68,1,34,0
Maestria,5,79.45,72.02,24.02,1,3,71.79,0,32,1
Titulado,11,70.71,28.72,32.35,3,6,20.72,1,26,0
Titulado,3,5.02,87.98,18.38,3,4,15.9,0,30,1
Titulado,0,7.29,4.92,57.69,1,4,65.19,1,29,0
Maestria,9,40.29,23.11,15.48,2,2,29.06,1,20,0
Bachiller,7,29.53,89.74,35.62,2,8,97.4,0,26,0
Bachiller,15,23.24,25.62,69.7,2,9,45.15,0,37,0
Maestria,1,28.1,22.07,56.01,1,4,11.16,1,42,0
Titulado,11,80.35,13.81,38.65,2,5,68.58,1,22,0
Titulado,0,92.92,85.91,42.02,2,2,30.62,1,28,1
Bachiller,1,40.51,50.01,56.21,0,9,14.86,0,24,0
Titulado,0,90.61,67.49,0.59,3,6,42.28,1,42,1
Tecnico,0,32.15,23.91,7.85,1,8,96.42,0,43,0
Bachiller,8,47.64,75.8,88.13,4,8,41.14,1,32,0
Titulado,12,22.6,76.0,7.79,3,9,34.73,1,35,0
Bachiller,13,64.05,31.26,70.68,4,9,44.45,1,35,1
Tecnico,0,97.9,41.07,92.0,3,4,1.21,1,31,0
Bachiller,12,60.35,20.97,27.07,0,6,13.31,1,37,1
Bachiller,3,35.78,97.66,37.05,2,2,84.97,1,30,0
Bachiller,9,64.78,64.56,56.89,2,5,97.8,1,36,0
Bachiller,5,12.29,93.45,88.17,1,7,15.79,0,26,0
Tecnico,6,88.87,30.34,94.19,1,7,53.55,1,34,0
Maestria,1,50.31,78.19,73.96,1,1,96.63,1,25,0
Bachiller,5,44.93,76.59,8.66,4,5,15.66,1,25,0
Bachiller,6,58.59,69.17,66.92,1,6,18.63,1,37,0
Titulado,9,62.48,96.56,41.03,2,6,92.68,0,38,0
Bachiller,13,7.18,39.36,47.07,0,2,70.57,0,39,0
Titulado,9,68.26,13.07,4.91,1,8,15.2,1,38,0
Maestria,1,24.19,67.17,19.11,4,1,39.35,1,21,0
Tecnico,14,71.4,72.93,79.05,0,2,5.63,0,22,0
Tecnico,1,82.25,57.51,45.4,2,1,43.27,0,33,1
Maestria,9,80.4,20.68,30.17,0,8,77.79,0,41,1
Tecnico,6,55.25,50.45,38.4,3,3,55.4,1,44,0
Maestria,11,52.02,31.22,85.44,2,1,64.74,0,23,0
Maestria,0,14.29,42.75,74.9,2,2,32.68,0,41,0
Maestria,7,77.53,64.52,27.23,2,3,16.14,1,36,1
Tecnico,10,27.14,74.52,11.75,1,9,1.31,1,25,1
Titulado,12,49.67,23.22,25.2,2,5,82.13,1,38,0
Maestria,2,28.43,40.53,92.08,2,4,63.67,0,28,1
Bachiller,10,13.38,26.92,58.16,3,2,22.93,0,23,0
Tecnico,5,62.96,19.86,53.35,3,9,41.84,0,26,0
Maestria,8,5.43,78.34,59.64,1,7,80.14,0,23,1
Maestria,5,74.86,90.93,36.6,3,7,53.87,1,30,1
Bachiller,8,31.76,37.02,80.71,3,6,30.02,0,41,1
Titulado,6,0.01,75.13,52.33,4,2,26.72,1,42,0
Titulado,14,51.11,89.7,11.67,0,0,21.76,0,21,0
Titulado,15,4.69,84.61,12.91,1,4,82.37,0,29,1
Maestria,8,27.62,18.28,53.69,0,0,58.19,0,25,0
Maestria,1,70.7,95.63,93.66,1,5,70.92,1,27,0
Maestria,11,6.27,37.67,30.84,0,6,86.01,0,34,0
Tecnico,7,83.93,33.92,86.95,2,4,98.69,1,32,1
Bachiller,7,0.38,6.24,76.41,5,3,24.95,1,41,1
Maestria,1,24.68,48.62,24.78,0,1,18.09,1,21,0
Bachiller,11,74.09,10.9,3.63,6,4,46.2,1,39,1
Bachiller,13,31.63,24.85,10.18,0,8,3.51,0,20,0
Titulado,3,10.19,31.69,72.85,4,3,79.17,0,34,0
Tecnico,13,36.02,80.88,19.97,2,1,88.38,1,26,0
Maestria,14,27.04,87.55,37.13,3,5,68.6,1,43,0
Titulado,10,84.27,30.25,50.17,1,7,26.8,0,37,1
Titulado,14,31.33,85.87,72.55,4,1,12.32,0,29,1
Maestria,6,78.89,85.72,11.32,2,8,38.21,1,34,0
Bachiller,10,89.19,76.47,40.64,1,6,83.33,0,24,1
Titulado,3,43.38,14.67,48.51,0,1,34.78,0,43,0
Bachiller,15,90.99,69.03,54.08,3,4,3.43,0,30,0
Tecnico,3,37.73,94.5,81.84,4,4,27.43,1,27,1
Bachiller,5,96.41,68.25,17.17,2,6,98.99,1,40,0
Tecnico,9,8.93,33.16,80.78,4,4,67.67,1,27,1
Bachiller,5,68.7,50.06,69.29,3,5,90.09,1,25,0
Titulado,9,49.38,64.57,55.59,2,8,77.49,1,34,1
Titulado,14,38.76,51.06,69.95,5,2,53.97,0,34,0
Tecnico,2,63.27,12.0,41.2,1,2,14.87,0,24,0
Maestria,14,70.39,31.21,13.84,2,7,34.86,0,32,0
Tecnico,8,0.44,80.24,66.58,2,9,58.37,1,33,0
Tecnico,11,16.7,86.14,52.47,1,5,87.06,0,30,0
Bachiller,9,71.3,13.73,63.94,0,9,26.87,1,39,0
Bachiller,13,66.64,95.24,33.8,3,2,12.12,1,40,1
Tecnico,10,96.6,32.88,90.69,3,1,55.88,1,31,1
Titulado,1,76.1,66.23,58.74,3,1,17.65,1,39,1
Bachiller,5,95.08,75.18,8.54,2,1,61.04,1,20,1
Maestria,11,70.25,81.19,44.98,3,4,26.35,1,22,1
Bachiller,6,29.81,94.57,75.64,3,4,23.1,0,27,0
Bachiller,11,10.54,31.29,79.41,0,0,39.92,1,42,1
Maestria,12,78.18,85.85,49.46,1,1,59.32,0,31,1
Tecnico,8,64.41,13.17,89.47,4,1,54.53,1,34,0
Maestria,12,4.82,70.5,26.77,1,3,24.47,0,42,0
Tecnico,2,36.01,74.2,41.06,2,6,89.11,1,22,0
Tecnico,9,95.68,67.77,89.86,3,2,10.99,1,44,1
Tecnico,2,50.04,25.23,89.63,1,4,3.95,0,41,0
Maestria,6,43.27,87.3,68.57,1,8,60.27,1,27,1
Tecnico,13,45.77,16.89,85.9,4,4,12.34,1,43,0
Titulado,3,20.89,5.36,8.88,5,8,50.49,0,38,0
Maestria,12,36.87,71.75,86.5,1,0,95.18,0,39,1
Titulado,7,36.98,47.55,32.06,1,8,69.86,1,25,0
Tecnico,12,5.24,84.91,17.83,5,4,61.75,0,37,0
Bachiller,6,76.76,38.34,23.94,0,7,57.48,0,30,0
Tecnico,4,41.65,16.83,41.8,2,4,17.95,1,31,1
Titulado,6,82.22,83.64,25.12,1,5,43.26,0,42,0
Titulado,15,85.03,54.89,32.06,2,7,34.25,1,21,0
Maestria,2,21.2,18.92,13.5,2,1,95.31,0,24,0
Bachiller,11,65.74,72.04,29.62,1,2,24.23,1,23,0
Maestria,1,47.23,51.11,57.23,3,8,47.15,1,28,0
Titulado,5,88.02,60.43,44.19,3,4,93.81,1,32,1
Tecnico,1,21.57,46.09,34.67,3,4,78.92,0,32,1
Bachiller,2,67.78,82.87,74.65,1,8,96.45,1,34,1
Tecnico,5,60.78,82.96,89.35,0,9,60.83,0,21,0
Tecnico,4,29.53,70.94,75.68,2,2,33.38,1,42,0
Bachiller,15,13.66,10.54,33.2,1,3,82.66,1,32,1
Maestria,7,65.16,83.89,74.44,4,6,29.15,1,26,0
Tecnico,8,73.86,67.1,15.2,4,1,16.48,0,42,0
Titulado,10,31.56,69.7,13.03,1,7,70.63,1,36,1
Tecnico,2,64.48,36.3,34.56,0,4,63.9,1,27,0
Bachiller,11,39.51,87.93,80.77,2,0,87.89,0,37,1
Bachiller,9,71.32,72.54,24.63,2,2,96.19,1,34,0
Bachiller,2,19.92,11.26,6.33,4,8,85.72,1,34,0
Maestria,2,89.02,40.78,13.17,1,4,6.0,0,24,1
Tecnico,12,28.74,88.64,85.87,1,7,66.45,0,21,0
Maestria,12,36.78,4.72,63.38,2,0,78.47,0,35,0
Maestria,5,5.81,96.14,25.32,6,6,98.19,1,24,0
Bachiller,14,11.15,67.92,55.53,1,6,37.47,0,42,0
Bachiller,14,51.59,63.14,52.76,0,7,16.99,1,25,0
Maestria,0,26.76,27.06,65.54,1,2,85.29,1,31,1
Tecnico,6,83.55,24.88,23.32,1,0,31.75,0,24,0
Titulado,11,1.47,94.21,86.44,0,8,59.82,0,39,0
Maestria,0,37.91,29.83,30.94,1,0,38.99,1,27,0
Tecnico,13,33.73,77.55,69.41,1,5,40.23,0,30,0
Bachiller,4,1.93,39.31,1.61,4,8,73.25,0,33,0
Bachiller,14,12.44,13.93,37.27,6,1,36.15,1,43,1
Tecnico,9,41.36,1.07,35.17,1,3,69.31,0,36,1
Titulado,12,49.29,54.43,54.35,1,1,1.43,0,29,0
Bachiller,7,40.43,97.58,7.27,1,3,32.46,0,21,0
Bachiller,3,53.09,36.91,79.01,2,1,31.9,1,22,0
Bachiller,4,59.51,35.72,21.78,0,0,74.88,0,32,0
Tecnico,3,0.99,34.41,67.7,5,2,31.46,0,36,0
Maestria,11,46.41,52.05,80.32,2,7,63.33,1,22,1
Bachiller,11,96.35,44.07,56.19,2,4,68.85,1,29,0
Maestria,13,51.9,87.99,74.09,1,3,65.84,1,27,0
Titulado,3,67.75,50.55,66.19,1,4,60.33,1,23,1
Bachiller,11,31.19,50.78,35.55,1,5,41.36,0,32,0
Bachiller,7,77.4,13.84,80.89,6,5,37.33,1,26,0
Titulado,1,77.29,98.27,29.47,2,4,56.46,1,26,0
Bachiller,0,52.13,25.0,57.12,1,5,6.37,0,35,1
Maestria,2,97.6,7.34,74.54,0,8,87.58,1,24,0
Tecnico,15,12.56,66.31,37.9,4,4,82.53,1,36,0
Maestria,8,1.69,59.54,30.28,0,5,34.64,0,29,0
Tecnico,3,77.02,41.51,45.93,4,3,56.68,1,23,1
Tecnico,9,80.72,42.22,81.8,1,2,93.22,1,42,0
Maestria,4,12.02,78.51,92.99,3,5,27.16,0,33,1
Maestria,1,26.56,19.57,54.51,2,4,74.25,0,24,1
Maestria,15,1.76,82.03,66.15,2,3,8.27,0,21,0
Maestria,3,29.33,64.87,90.33,3,4,52.34,0,33,0
Titulado,1,77.31,41.9,9.85,1,6,88.4,0,43,0
Bachiller,14,51.8,45.8,23.21,1,0,55.17,0,37,0
Tecnico,1,34.81,25.66,70.89,1,0,61.63,0,43,1
Maestria,3,37.17,75.21,82.37,2,0,90.76,0,30,0
Maestria,5,0.14,51.29,85.7,1,1,71.54,0,35,0
Maestria,6,29.98,32.09,41.51,1,8,69.59,0,37,0
Titulado,9,64.65,59.61,8.93,1,4,58.64,0,35,0
Maestria,2,97.42,99.57,43.78,3,8,63.3,0,40,0
Maestria,2,84.71,43.53,23.07,6,4,80.37,1,23,0
Maestria,9,2.36,92.07,29.12,2,6,97.92,0,20,0
Bachiller,5,89.86,34.5,77.23,0,5,79.53,0,33,0
Titulado,12,78.32,5.47,7.55,0,1,70.75,0,31,0
Maestria,11,78.04,20.42,82.76,3,2,13.55,0,43,0
Tecnico,2,45.8,41.87,42.77,3,4,81.71,0,29,0
Tecnico,12,39.8,21.96,59.61,4,3,73.6,1,38,0
Tecnico,1,30.29,0.02,8.97,2,5,77.04,1,23,0
Titulado,7,6.57,91.5,33.74,0,7,23.11,1,39,0
Titulado,4,22.82,84.39,8.97,2,7,90.34,1,40,1
Tecnico,14,24.66,74.23,96.15,3,2,9.73,0,22,0
Maestria,0,48.41,16.78,80.73,2,3,25.36,1,44,0
Titulado,2,74.74,12.04,45.96,1,0,66.3,1,23,0
Tecnico,9,47.38,6.76,22.36,2,1,67.37,0,34,0
Tecnico,7,5.78,72.4,93.35,2,8,31.33,1,30,1
Maestria,3,95.78,92.88,34.46,1,9,70.15,1,35,0
Bachiller,15,94.27,43.05,16.1,1,9,38.79,0,23,1
Titulado,13,78.52,11.91,56.32,4,1,0.02,0,25,0
Maestria,6,99.13,51.24,94.38,2,5,16.26,1,27,0
Tecnico,9,54.45,34.88,0.38,4,6,88.26,0,32,1
Tecnico,11,96.28,37.48,23.81,1,5,22.27,1,42,0
Maestria,13,7.56,62.13,93.84,1,7,11.29,0,39,1
Titulado,13,36.57,71.87,17.11,3,8,68.22,1,23,0
Bachiller,1,22.54,11.06,11.32,2,7,44.07,1,24,1
Bachiller,6,19.58,3.56,57.02,1,4,79.66,1,29,0
Tecnico,4,14.08,99.43,86.18,1,7,86.14,0,24,0
Titulado,4,62.24,23.27,47.71,1,9,84.6,0,31,1
Bachiller,5,78.13,5.38,99.46,1,9,31.3,1,20,0
Titulado,12,57.83,18.99,67.92,0,8,50.55,0,43,0
Titulado,8,14.7,3.9,7.41,3,7,65.01,0,29,1
Tecnico,13,81.11,39.18,99.28,4,1,32.2,1,24,0
Bachiller,5,63.6,80.24,40.79,1,1,4.11,0,38,0
Maestria,11,38.82,34.12,28.74,3,2,49.57,0,38,1
Tecnico,12,67.41,44.42,55.79,0,6,1.28,1,39,0
Bachiller,14,25.99,67.56,30.43,3,8,95.06,1,31,0
Bachiller,13,34.52,50.89,8.65,1,7,79.67,0,42,0
Bachiller,7,91.75,86.14,0.14,2,8,19.2,0,35,0
Bachiller,6,29.05,86.6,44.96,3,5,28.76,0,24,0
Bachiller,8,47.0,0.99,83.69,2,0,98.28,1,36,0
Titulado,3,89.01,77.8,57.23,1,3,37.35,0,33,1
Tecnico,1,70.77,46.07,99.92,1,5,78.37,0,31,0
Titulado,6,6.22,98.88,28.68,2,5,44.68,0,32,1
Maestria,5,14.73,48.32,28.05,1,7,86.41,0,40,1
Bachiller,0,0.78,98.69,15.97,2,0,70.38,0,33,1
Tecnico,10,63.09,75.46,16.41,2,1,2.29,0,24,0
Bachiller,8,44.77,24.86,28.52,3,1,29.44,1,41,0
Tecnico,8,13.43,53.84,79.28,5,5,55.8,1,42,0
Titulado,11,95.79,99.21,90.58,2,6,92.62,1,24,0
Tecnico,1,52.97,85.75,97.51,2,1,10.2,0,37,0
Maestria,2,24.19,9.74,23.23,1,4,60.12,0,33,1
Maestria,4,50.06,70.64,88.13,4,5,30.22,1,37,0
Tecnico,4,67.96,34.56,32.83,2,3,88.93,1,39,0
Tecnico,14,7.62,0.7,11.28,2,0,76.52,1,20,0
Tecnico,0,27.47,40.35,87.0,0,2,36.97,1,26,1
Tecnico,7,80.7,23.48,63.61,1,9,16.71,1,36,1
Maestria,11,45.97,81.89,16.47,1,8,1.15,0,22,0
Bachiller,7,54.66,33.73,42.98,1,5,62.11,0,29,0
Tecnico,3,43.28,82.75,28.73,2,1,40.61,0,26,1
Tecnico,12,4.39,0.06,73.68,3,8,31.48,0,31,0
Maestria,6,16.57,30.78,45.34,3,3,98.55,0,41,1
Maestria,14,44.55,24.12,98.93,4,7,46.61,1,34,0
Titulado,14,20.92,23.36,5.47,3,9,74.98,1,42,0
Tecnico,10,5.0,6.82,35.5,1,6,17.74,0,40,0
Titulado,9,84.36,18.71,48.19,3,2,1.35,1,35,1
Maestria,2,98.12,55.55,50.31,1,7,41.76,0,27,0
Maestria,5,79.31,29.14,31.59,2,3,66.57,0,25,0
Bachiller,13,85.38,41.74,72.92,0,1,50.66,1,23,0
Tecnico,15,24.2,37.69,87.47,1,4,89.05,0,30,0
Titulado,9,96.06,87.59,93.87,1,0,43.4,0,36,1
Maestria,12,19.69,90.53,80.51,4,7,31.1,0,21,1
Maestria,9,95.14,49.3,85.06,1,7,91.6,1,25,0
Titulado,11,99.48,33.02,55.05,2,2,40.68,1,23,1
Bachiller,13,71.17,10.68,82.59,2,0,26.96,0,22,0
Maestria,8,98.11,95.34,30.35,1,3,9.77,0,26,0
Tecnico,0,56.95,6.02,39.85,3,8,79.33,1,26,1
Maestria,4,25.95,29.77,31.69,4,8,82.51,1,35,0
Tecnico,3,43.7,29.81,46.74,0,0,3.33,1,21,0
Titulado,7,59.36,32.04,28.56,2,6,35.86,1,27,0
Tecnico,10,7.31,16.43,96.16,2,5,74.99,0,34,1
Titulado,11,62.23,78.32,31.28,5,6,94.64,0,35,0
Tecnico,0,98.12,12.25,9.8,2,6,37.78,0,20,0
Titulado,8,19.01,63.49,52.68,2,7,87.21,1,29,1
Tecnico,15,79.26,12.38,5.71,4,7,39.37,1,26,1
Bachiller,5,90.79,7.05,11.05,1,9,17.95,0,35,1
Tecnico,3,94.37,90.94,21.94,4,1,0.34,1,29,0
Tecnico,11,96.01,19.01,46.44,3,3,33.02,0,31,0
Bachiller,8,52.15,82.13,43.33,6,3,37.85,1,36,0
Maestria,10,97.73,54.46,79.97,0,9,94.51,0,32,1
Maestria,4,75.73,7.79,73.95,3,7,20.61,0,31,1
Tecnico,14,16.17,95.54,42.63,1,2,38.22,0,34,1
Bachiller,4,47.69,24.7,33.37,1,2,2.52,0,33,0
Tecnico,11,71.83,85.96,31.65,2,1,76.35,1,38,0
Titulado,4,24.73,16.88,77.4,2,0,91.51,0,38,0
Titulado,0,64.06,85.39,5.21,1,7,23.78,0,33,0
Tecnico,0,66.66,1.32,1.28,2,8,42.9,0,37,0
Maestria,7,16.27,51.18,79.55,3,8,12.21,0,24,1
Maestria,11,56.51,76.94,47.71,2,7,45.68,1,39,0
Tecnico,7,77.16,93.48,13.09,2,4,13.33,0,25,0
Tecnico,11,49.89,90.92,23.56,4,0,52.33,0,37,0
Titulado,14,1.21,81.96,93.25,1,8,73.46,1,33,0
Maestria,14,0.9,88.82,85.95,0,5,55.33,0,23,1
Tecnico,5,35.7,19.92,70.98,3,6,24.52,0,42,0
Titulado,11,92.62,28.42,48.22,2,7,35.38,0,20,0
Maestria,10,22.87,28.9,52.03,5,4,63.86,0,32,0
Bachiller,12,63.44,37.71,97.52,3,5,58.98,1,30,0
Titulado,3,22.21,39.33,96.58,7,6,13.68,1,22,0
Maestria,1,32.17,54.46,21.53,1,6,84.49,1,36,0
Maestria,13,84.8,15.99,81.11,4,1,47.52,1,37,0
Titulado,1,72.89,69.12,19.72,1,0,16.24,1,44,0
Bachiller,8,9.54,16.76,21.35,2,7,12.28,1,29,0
Titulado,14,42.87,31.03,67.61,4,4,96.56,0,35,0
Maestria,4,2.92,50.33,40.5,2,9,28.15,0,40,0
Tecnico,3,48.09,79.64,93.15,0,1,90.86,0,32,0
Tecnico,9,66.24,73.95,8.9,2,2,41.06,0,39,1
Titulado,12,11.85,64.55,51.15,2,5,38.59,1,31,0
Maestria,0,28.89,15.58,91.85,0,9,70.09,0,23,0
Tecnico,6,39.78,54.7,90.41,1,5,0.99,0,27,1
Maestria,2,91.95,8.74,15.65,3,7,33.81,1,31,0
Titulado,5,99.33,37.74,36.66,0,4,30.26,0,38,0
Tecnico,4,4.49,41.35,61.91,1,4,86.81,0,34,0
Maestria,4,76.1,3.98,15.94,1,6,52.91,1,35,1
Tecnico,10,37.17,27.4,96.8,2,9,36.46,0,31,1
Titulado,4,39.25,95.56,91.47,0,4,26.61,0,39,1
Maestria,0,75.43,95.36,16.7,0,8,59.05,1,37,0
Tecnico,0,91.84,35.23,12.12,0,5,15.17,0,41,1
Titulado,2,95.09,4.31,8.54,3,6,24.62,0,31,0
Tecnico,13,57.71,17.91,90.94,3,7,29.36,0,35,0
Tecnico,11,35.71,39.22,19.36,0,4,60.79,0,44,1
Bachiller,9,78.75,94.78,41.63,2,3,37.33,0,39,0
Bachiller,3,25.1,14.12,44.89,3,7,50.58,1,30,0
Titulado,4,56.41,76.35,59.9,5,9,65.04,0,41,0
Bachiller,1,35.86,10.87,7.17,3,8,95.63,0,39,1
Titulado,7,65.66,98.13,22.68,1,0,76.48,0,33,0
Bachiller,10,24.04,38.16,93.15,3,2,40.53,1,21,0
Tecnico,10,19.16,77.52,90.84,2,3,74.83,1,32,0
Titulado,13,91.82,34.26,78.13,0,6,94.97,1,33,0
Titulado,1,10.18,62.77,1.94,2,5,49.94,0,25,1
Tecnico,8,50.6,19.2,32.7,4,9,41.05,0,31,0
Titulado,1,22.09,14.6,62.8,3,9,7.8,0,26,0
Titulado,12,3.89,93.81,27.52,2,0,89.24,0,23,0
Bachiller,8,3.6,91.76,90.96,3,3,24.64,0,26,0
Titulado,6,17.52,88.75,63.39,3,5,6.4,1,32,0
Maestria,14,86.68,62.54,7.19,1,2,53.72,0,30,0
Tecnico,7,28.25,80.83,90.9,1,1,84.59,0,27,1
Bachiller,14,95.05,6.9,95.78,5,1,40.66,1,38,0
Bachiller,10,58.16,33.48,7.77,2,9,78.31,1,21,0
Maestria,1,43.66,31.37,53.24,4,3,83.64,1,40,0
Tecnico,6,58.01,63.56,30.34,4,0,45.44,1,37,0
Tecnico,11,51.67,35.6,39.28,2,9,59.1,1,40,0
Bachiller,5,75.88,14.85,17.97,2,1,53.39,0,29,0
Titulado,3,28.25,59.65,57.81,3,9,93.92,0,25,1
Bachiller,6,35.31,81.44,95.8,4,1,72.55,0,43,0
Tecnico,15,89.41,38.21,50.31,1,3,92.53,0,41,0
Maestria,13,94.65,13.23,8.29,2,3,22.0,0,23,0
Bachiller,12,89.26,19.67,62.0,1,0,31.02,1,38,0
Tecnico,3,41.94,23.75,34.02,6,6,7.09,0,33,0
Bachiller,15,78.04,29.99,85.59,2,6,49.99,0,33,0
Titulado,1,47.63,64.28,43.47,2,9,87.39,1,37,0
Bachiller,9,49.75,60.09,19.28,1,9,32.68,1,36,0
Bachiller,11,20.47,69.61,19.11,4,9,12.83,0,37,1
Tecnico,6,59.11,36.25,76.88,2,0,6.84,0,37,0
Tecnico,7,18.61,82.4,26.56,3,7,44.75,1,24,0
Tecnico,1,33.16,20.41,76.72,1,9,16.4,0,28,1
Bachiller,4,85.5,46.9,20.59,4,6,34.61,1,20,0
Titulado,0,20.71,80.09,32.17,4,6,82.0,0,23,1
Maestria,6,7.12,18.02,46.55,0,5,38.4,1,26,0
Maestria,7,6.9,10.99,94.32,8,3,60.99,1,30,0
Tecnico,12,94.08,88.37,93.17,3,7,50.22,1,33,0
Tecnico,15,50.69,34.29,20.69,2,1,71.85,0,29,0
Bachiller,5,40.94,68.39,35.82,3,6,15.62,1,38,0
Maestria,4,81.09,2.53,14.94,0,2,92.04,1,27,1
Tecnico,14,83.58,69.0,51.0,2,2,64.36,0,22,1
Titulado,5,33.22,31.61,46.06,2,6,27.1,0,27,0
Titulado,14,69.36,5.57,90.08,1,2,12.33,0,37,1
Tecnico,1,77.11,60.98,93.0,3,4,14.97,1,24,1
Tecnico,0,65.47,24.08,38.36,2,7,78.27,1,39,0
Maestria,6,15.16,38.68,49.17,2,3,58.81,1,30,0
Maestria,6,87.59,8.06,89.62,2,6,38.08,0,28,0
Bachiller,9,53.91,14.72,80.67,3,6,33.29,0,38,1
Maestria,10,28.25,29.8,0.37,3,1,85.58,1,31,1
Titulado,9,42.52,8.98,32.01,3,7,87.48,0,24,0
Titulado,13,3.76,91.08,42.18,1,9,58.13,0,35,0
Tecnico,1,12.79,0.6,22.97,2,9,52.45,1,44,1
Maestria,1,76.55,48.39,19.96,3,8,81.64,1,32,0
Bachiller,0,0.0,12.32,3.78,0,5,74.93,0,25,0
Titulado,9,41.66,30.77,64.34,3,4,40.03,1,35,0
Titulado,7,52.25,92.61,26.25,1,0,8.27,0,37,0
Bachiller,14,5.46,16.17,5.23,1,0,76.85,0,36,0
Bachiller,7,97.31,96.58,23.1,0,8,16.87,1,31,0
Titulado,0,22.61,20.58,80.19,2,3,1.64,1,20,0
Titulado,11,30.42,74.16,85.15,3,0,84.33,0,26,1
Bachiller,10,30.39,54.67,48.31,2,9,57.83,0,33,0
Titulado,7,23.04,88.45,41.61,4,2,89.17,1,37,0
Tecnico,8,0.15,55.4,97.79,1,5,48.46,0,42,0
Tecnico,13,72.93,53.46,20.06,2,7,92.65,0,20,0
Bachiller,3,96.68,19.55,21.54,1,9,35.4,0,39,1
Maestria,0,22.43,16.62,29.19,2,1,72.45,0,29,1
Bachiller,0,66.3,91.65,17.28,4,7,30.1,0,34,0
Bachiller,2,74.19,32.78,37.94,0,0,0.12,1,30,0
Maestria,14,84.84,37.21,91.08,3,1,37.97,0,23,0
Maestria,15,42.26,75.98,61.53,1,7,73.78,0,34,0
Maestria,13,30.29,33.88,41.19,2,6,15.0,1,40,0
Tecnico,4,32.53,95.21,93.44,1,4,50.48,1,35,0
Titulado,15,71.26,73.79,4.85,2,9,21.23,1,34,1
Tecnico,4,81.68,59.74,21.03,3,1,7.46,0,36,0
Titulado,8,18.16,88.09,56.59,3,8,61.75,0,42,0
Tecnico,9,37.09,4.96,61.56,1,4,95.2,1,30,0
Titulado,13,90.19,25.71,3.96,1,7,31.07,1,37,0
Tecnico,11,80.67,46.5,40.3,3,3,58.06,1,35,0
Maestria,1,98.49,22.7,64.92,5,8,95.36,1,34,0
Bachiller,1,75.42,74.39,69.81,1,9,65.05,1,30,1
Tecnico,15,39.32,91.92,63.81,3,6,67.31,0,32,0
Titulado,5,59.06,42.38,32.06,1,1,17.89,1,37,0
Maestria,14,66.1,34.21,9.35,1,2,49.26,0,27,0
Tecnico,8,7.85,96.16,42.71,2,1,36.71,0,28,1
Tecnico,0,54.45,44.49,12.88,0,4,47.1,1,41,0
Maestria,8,70.93,48.9,94.76,2,1,80.08,1,30,0
Tecnico,8,16.73,35.16,47.52,2,4,46.07,1,36,1
Bachiller,15,78.06,90.95,31.73,1,8,6.29,1,20,0
Tecnico,12,58.38,56.9,76.63,4,1,90.55,1,30,1
Bachiller,8,95.22,76.22,49.79,5,8,54.48,0,26,0
Bachiller,4,4.24,81.18,31.0,2,6,92.45,1,27,0
Maestria,12,26.53,34.18,81.2,1,6,57.24,1,38,0
Tecnico,14,60.16,43.37,86.72,2,4,6.96,0,44,0
Maestria,8,29.66,84.85,67.3,3,7,55.29,1,23,0
Tecnico,10,71.44,36.33,4.7,0,6,57.57,1,23,0
Tecnico,3,75.9,79.39,56.63,1,5,21.43,1,38,0
Titulado,1,10.25,94.1,76.33,5,1,47.1,0,43,1
Tecnico,12,51.39,62.32,13.65,3,5,45.94,1,28,0
Maestria,5,50.89,74.16,22.87,0,1,62.29,1,36,0
Bachiller,13,36.93,80.51,88.25,4,0,25.96,1,37,0
Tecnico,3,93.29,84.5,2.01,2,8,58.17,1,20,0
Titulado,5,82.75,39.51,75.27,2,4,24.1,0,33,1
Maestria,2,69.72,5.13,47.38,1,9,44.64,1,23,1
Tecnico,5,71.43,40.19,44.68,4,9,12.27,0,29,0
Maestria,1,46.17,67.38,0.71,1,3,3.73,1,42,0
Titulado,1,92.1,45.04,81.94,1,7,32.06,1,33,0
Titulado,12,69.46,74.9,35.98,3,4,27.46,1,26,0
Maestria,8,72.9,35.7,54.08,2,6,40.69,0,31,1
Tecnico,6,86.17,63.47,67.73,2,2,96.2,1,41,0
Bachiller,2,27.41,18.64,70.26,1,7,52.22,1,35,0
Titulado,12,80.71,74.94,95.6,2,7,55.32,0,24,0
Tecnico,10,19.52,54.57,53.13,2,2,94.16,1,30,0
Tecnico,0,34.53,20.41,39.97,1,8,92.11,1,23,0
Bachiller,7,33.56,29.19,95.37,2,7,88.41,1,32,1
Titulado,13,97.85,74.86,64.21,1,0,9.8,1,27,1
Titulado,5,85.65,48.26,29.82,3,7,63.43,0,26,0
Tecnico,6,70.12,21.6,12.65,0,3,80.81,0,30,1
Tecnico,8,72.71,96.73,84.26,1,5,83.56,0,30,0
Bachiller,4,56.21,71.51,36.22,2,9,57.79,1,36,0
Bachiller,14,94.71,95.71,66.05,3,8,1.75,1,41,0
Titulado,0,49.63,42.71,47.08,3,4,97.37,1,33,0
Maestria,11,38.05,47.51,19.89,0,6,47.22,1,21,0
Titulado,9,16.3,89.8,60.17,1,0,39.36,0,39,1
Tecnico,6,78.62,52.5,6.07,2,8,39.49,1,40,0
Titulado,14,73.44,70.73,41.33,0,5,42.42,0,27,1
Maestria,4,38.44,25.22,54.66,2,3,24.22,1,41,1
Bachiller,2,2.52,44.67,43.6,3,5,32.73,1,21,0
Maestria,11,83.9,12.34,74.87,2,4,98.54,0,40,1
Maestria,12,1.14,20.6,82.79,4,2,36.82,1,34,0
Maestria,8,70.37,0.09,77.12,2,6,52.67,0,24,0
Bachiller,0,97.03,3.93,3.88,2,2,84.83,0,25,0
Maestria,0,43.77,97.73,19.41,0,1,52.74,1,36,0
Maestria,15,23.5,24.24,53.66,0,3,32.45,0,27,0
Maestria,0,70.49,66.33,93.48,2,6,52.38,0,38,0
Tecnico,2,81.71,83.91,83.5,1,4,11.41,1,24,1
Maestria,11,54.64,55.07,84.25,1,8,13.0,0,42,0
Bachiller,5,96.7,15.31,30.32,3,9,69.41,0,38,0
Maestria,9,5.17,72.81,42.94,2,6,91.75,1,33,0
Maestria,10,50.48,60.03,47.07,4,8,72.57,0,29,0
Bachiller,2,71.85,73.13,15.74,3,8,7.46,1,32,0
Maestria,7,86.26,76.97,3.11,2,1,40.29,0,41,1
Bachiller,13,17.93,97.54,94.69,1,0,0.26,1,24,0
Maestria,13,80.0,57.36,24.07,1,3,51.12,1,26,0
Bachiller,9,55.27,34.16,23.99,2,3,19.32,1,29,1
Maestria,1,39.66,64.85,8.34,5,1,86.81,1,30,1
Maestria,13,13.17,6.84,92.85,4,2,10.43,1,22,0
Tecnico,8,86.53,89.74,57.97,1,2,0.14,0,32,0
Tecnico,2,15.73,11.94,66.7,0,4,45.11,1,21,1
Maestria,4,30.98,32.78,91.16,0,0,15.54,1,23,1
Maestria,9,29.0,81.57,34.56,5,8,73.8,0,22,0
Titulado,7,87.14,59.73,62.15,4,7,91.99,1,34,0
Bachiller,15,67.27,39.36,3.88,2,7,4.19,0,23,0
Titulado,1,79.67,47.34,18.68,2,2,39.56,0,42,0
Tecnico,5,25.05,85.45,83.12,4,1,99.68,1,40,1
Tecnico,11,62.49,34.0,76.68,3,0,73.27,0,23,0
Tecnico,4,57.17,86.96,35.06,6,5,95.32,0,34,1
Tecnico,12,83.28,8.81,37.68,0,9,16.41,0,25,0
Maestria,9,90.61,77.68,53.36,3,0,22.14,1,42,1
Tecnico,8,1.22,84.75,0.02,1,4,15.48,0,24,0
Maestria,11,67.4,18.18,24.12,1,8,30.24,1,31,1
Maestria,4,5.18,43.03,20.82,1,8,72.44,1,26,1
Tecnico,1,54.89,16.55,25.05,5,3,16.49,0,22,0
Tecnico,15,28.76,70.66,80.59,6,6,52.42,1,26,0
Bachiller,4,30.68,53.53,27.97,1,6,26.92,0,31,0
Titulado,14,35.3,63.53,19.15,2,3,82.92,0,34,0
Tecnico,11,62.13,19.65,50.43,0,4,0.66,1,38,1
Bachiller,3,33.4,21.17,86.56,0,8,22.31,1,25,0
Bachiller,14,73.27,4.15,24.13,4,6,60.52,1,27,1
Titulado,10,40.45,32.21,7.85,2,6,9.67,0,25,0
Maestria,15,6.84,55.97,35.64,1,9,46.63,0,22,0
Tecnico,6,78.38,85.79,74.77,2,6,43.62,0,24,0
Titulado,5,28.58,66.69,55.07,0,8,85.25,1,28,0
Tecnico,13,43.28,43.54,81.68,0,4,62.54,0,43,0
Bachiller,1,68.54,95.31,95.96,2,5,63.97,0,35,1
Bachiller,11,33.25,71.92,79.27,2,2,95.18,0,41,1
Maestria,10,5.66,93.02,60.38,0,0,98.24,0,35,0
Bachiller,10,37.39,52.76,49.33,2,1,65.34,1,28,0
Bachiller,12,94.44,25.89,4.01,1,7,52.2,0,37,0
Titulado,4,64.17,5.28,98.43,3,0,60.79,1,32,0
Tecnico,6,67.15,72.61,38.35,4,9,38.24,0,30,0
Tecnico,10,63.23,12.13,15.22,4,6,98.75,0,44,0
Titulado,6,19.9,30.28,66.67,2,4,70.5,0,29,1
Maestria,15,41.83,53.25,28.43,4,5,29.1,1,29,0
Tecnico,14,75.09,56.44,58.58,4,7,5.78,1,25,0
Bachiller,4,10.14,60.06,58.68,2,3,4.47,1,35,1
Tecnico,11,27.79,16.63,44.57,2,5,20.49,0,44,0
Bachiller,14,27.63,37.97,83.61,0,2,23.29,0,31,1
Maestria,8,43.2,61.72,26.5,4,6,41.5,1,23,0
Titulado,3,98.04,96.98,44.86,3,1,21.48,0,24,0
Tecnico,10,6.75,72.76,53.77,2,7,63.09,0,21,0
Titulado,2,51.87,92.26,66.36,3,6,21.13,1,38,0
Tecnico,14,17.94,76.22,78.4,3,7,18.79,0,20,0
Bachiller,3,97.07,59.17,39.48,2,1,47.12,0,23,0
Titulado,4,11.33,19.2,64.6,6,2,88.87,0,31,0
Tecnico,12,40.36,66.67,15.06,1,3,46.83,1,21,0
Bachiller,5,73.79,62.34,93.26,2,8,41.38,0,31,0
Titulado,2,70.46,60.25,38.31,2,4,57.81,1,35,1
Titulado,1,42.27,48.98,72.95,2,5,25.72,0,21,1
Tecnico,13,34.65,52.87,2.03,3,0,35.34,1,36,0
Tecnico,12,39.76,33.44,20.52,2,3,21.38,1,21,1
Tecnico,3,26.43,51.93,48.71,3,3,57.18,1,23,0
Bachiller,15,20.53,19.76,87.83,1,9,69.74,1,25,0
Tecnico,4,48.3,80.52,52.73,1,7,67.37,0,42,0
Titulado,3,26.85,18.58,92.99,0,7,25.48,1,26,1
Titulado,13,28.75,8.5,48.38,6,9,77.96,0,42,1
Tecnico,10,65.68,43.62,49.04,2,5,25.6,0,34,0
Tecnico,12,96.85,65.83,11.97,6,7,15.03,1,39,0
Maestria,14,60.36,43.77,80.27,2,8,34.98,0,31,0
Titulado,11,7.7,27.68,24.7,1,4,59.77,0,24,0
Bachiller,2,7.56,55.82,89.96,1,0,14.2,0,33,0
Maestria,7,95.14,34.7,91.08,0,0,64.81,0,35,0
Tecnico,15,29.73,93.29,94.33,2,1,86.31,1,30,0
Tecnico,9,9.21,92.26,52.02,2,1,29.31,0,31,0
Titulado,3,59.9,50.24,67.71,5,4,45.02,0,38,1
Tecnico,13,62.36,32.79,77.85,1,6,22.83,0,36,0
Bachiller,1,64.85,73.71,13.1,1,6,36.13,0,43,0
Titulado,1,26.74,3.67,60.1,2,3,2.2,0,26,0
Tecnico,0,1.51,47.48,3.43,2,3,95.38,1,28,1
Titulado,12,96.5,33.63,49.76,2,9,41.59,0,33,0
Tecnico,3,25.09,92.05,15.48,0,2,78.89,1,39,0
Tecnico,9,67.6,1.2,18.29,3,1,14.26,0,31,0
Tecnico,8,70.66,55.28,36.5,3,2,81.24,1,34,0
Bachiller,13,61.0,74.07,43.24,3,7,86.01,0,31,0
Bachiller,10,31.29,48.5,62.32,1,0,71.55,0,40,0
Titulado,6,27.11,8.54,7.44,3,3,90.32,1,40,0
Tecnico,14,59.77,97.25,50.37,1,6,16.72,1,42,0
Tecnico,11,86.61,51.8,18.26,2,4,47.65,1,32,0
Bachiller,9,94.67,61.42,57.4,2,1,62.01,0,28,0
Tecnico,6,10.59,23.66,63.74,1,0,59.62,1,43,1
Bachiller,12,15.48,48.35,55.67,5,5,86.1,1,26,1
Tecnico,14,94.47,42.91,73.83,1,4,21.57,1,20,0
Titulado,6,73.65,7.49,33.56,2,2,17.56,0,29,0
Tecnico,14,88.3,10.62,76.51,1,8,25.34,0,25,1
Tecnico,7,20.26,83.75,43.28,4,2,89.16,0,34,1
Maestria,0,58.76,23.98,48.42,2,1,94.1,1,34,1
Bachiller,9,70.11,19.5,64.81,1,4,56.96,0,28,0
Tecnico,12,68.01,50.49,1.84,1,8,50.14,0,32,0
Tecnico,9,40.82,76.87,65.4,1,7,60.54,0,42,1
Maestria,7,1.54,6.19,61.86,3,5,61.63,0,20,1
Maestria,3,58.29,57.68,30.98,1,2,17.03,1,28,0
Bachiller,3,25.31,11.92,8.58,1,5,68.64,0,22,1
Maestria,3,45.03,3.65,9.09,3,4,45.24,1,28,1
Titulado,5,95.76,5.27,92.32,3,0,51.74,1,39,0
Maestria,6,39.9,83.42,68.93,2,4,3.03,1,44,0
Titulado,5,83.98,11.8,12.71,0,6,76.46,1,34,0
Bachiller,0,18.85,4.52,35.67,1,8,83.54,1,43,0
Bachiller,11,67.25,43.79,59.25,2,0,61.94,1,26,1
Bachiller,7,97.7,84.4,83.56,1,2,74.87,0,23,0
Bachiller,12,10.19,26.24,4.37,0,7,52.27,1,44,1
Bachiller,9,0.83,42.17,23.66,0,5,61.84,0,39,1
Titulado,14,43.36,3.99,88.97,0,4,39.46,1,36,0
Titulado,10,9.26,44.91,0.92,2,9,79.19,0,41,0
Bachiller,12,74.84,57.76,20.14,0,1,46.83,1,23,0
Maestria,6,91.45,57.09,95.9,0,2,68.02,0,38,0
Tecnico,5,43.4,33.24,61.34,5,1,62.14,0,24,0
Bachiller,5,25.87,31.55,26.17,3,0,70.23,1,35,0
Maestria,4,43.44,10.66,6.7,1,6,78.52,1,22,0
Tecnico,5,72.34,36.68,2.82,0,2,51.27,1,30,0
Bachiller,11,0.91,9.95,24.47,2,6,81.31,1,44,0
Bachiller,8,58.95,76.66,88.15,0,6,49.73,0,41,0
Titulado,9,61.33,96.63,41.59,1,7,95.66,0,34,1
Tecnico,8,63.77,97.01,72.03,1,0,75.27,1,38,0
Tecnico,14,24.2,86.51,91.83,2,4,17.11,1,40,1
Maestria,9,71.41,60.08,40.8,2,9,82.96,0,43,1
Titulado,7,9.14,70.09,19.13,3,8,55.16,1,33,1
Titulado,9,19.93,28.52,51.71,2,6,98.45,0,35,0
Titulado,8,87.75,63.08,90.81,2,0,71.88,1,43,1
Titulado,12,73.87,45.56,80.44,2,7,8.44,1,25,0
Tecnico,9,1.37,48.2,6.58,0,2,39.5,0,24,0
Tecnico,7,24.84,75.78,69.26,2,3,51.73,0,40,1
Bachiller,7,21.44,28.19,57.19,0,3,83.9,1,36,0
Bachiller,15,27.08,31.8,90.75,0,9,72.93,0,35,1
Titulado,0,24.76,92.46,12.25,4,7,36.94,1,21,0
Titulado,9,6.25,5.62,53.4,2,0,65.34,0,30,0
Titulado,10,45.89,48.56,87.95,3,7,57.69,1,23,0
Bachiller,4,73.27,91.28,41.0,4,8,12.61,1,25,1
Maestria,3,60.67,61.04,48.2,4,8,23.49,1,26,0
Maestria,1,67.29,54.64,7.05,1,4,34.11,0,36,1
Bachiller,7,8.11,24.97,27.81,3,3,19.55,0,27,0
Bachiller,2,95.15,34.33,32.45,1,3,15.01,0,20,0
Bachiller,3,83.85,85.2,94.51,3,8,5.82,0,44,0
Bachiller,11,80.51,55.92,28.27,1,7,87.31,1,34,0
Bachiller,6,82.3,51.47,46.09,2,9,28.89,0,39,0
Bachiller,9,93.27,9.96,67.13,3,9,29.03,0,31,0
Titulado,8,54.43,1.6,16.22,1,6,20.62,0,34,0
Titulado,1,20.03,96.37,48.64,4,2,47.54,1,42,1
Titulado,2,61.68,37.7,73.85,2,3,51.42,0,41,0
Titulado,3,74.29,60.32,86.69,0,8,20.83,0,34,0
Bachiller,9,73.79,7.97,62.63,1,7,60.86,1,28,0
Maestria,0,52.14,68.31,66.91,0,0,72.3,1,35,0
Tecnico,6,6.85,93.26,12.63,1,2,37.38,1,21,0
Bachiller,1,37.11,57.57,94.58,4,9,58.55,1,34,0
Tecnico,4,92.08,12.61,13.26,2,1,50.23,1,34,0
Maestria,14,58.44,58.17,77.47,2,1,19.55,1,26,0
Titulado,0,53.83,76.63,26.48,1,7,73.0,1,40,0
Maestria,2,26.89,40.64,93.36,1,5,80.15,0,32,0
Bachiller,11,36.84,87.98,72.0,4,5,64.88,1,42,0
Titulado,1,89.53,64.87,75.38,4,3,32.39,1,36,1
Bachiller,0,66.65,89.92,21.91,1,0,92.68,1,30,0
Titulado,6,78.74,62.35,44.3,4,6,45.54,1,29,1
Tecnico,4,45.43,13.13,61.78,0,7,26.59,1,44,1
Tecnico,0,63.02,30.97,77.0,2,1,40.82,0,20,0
Tecnico,5,24.84,20.18,10.4,0,1,69.21,0,33,1
Maestria,15,70.55,90.88,96.24,2,0,84.59,0,24,0
Bachiller,4,42.76,76.04,89.02,1,3,35.66,0,27,1
Maestria,14,44.25,67.64,27.03,3,5,23.26,0,20,0
Tecnico,2,64.93,30.1,82.28,3,4,62.65,0,26,0
Bachiller,11,93.63,18.4,51.83,0,3,92.12,0,21,0
Tecnico,6,6.4,75.65,46.18,2,3,18.33,1,26,1
Maestria,15,82.47,47.42,31.44,0,9,80.3,1,26,0
Maestria,10,29.24,22.58,58.1,2,6,47.66,1,28,1
Maestria,9,44.39,61.66,72.99,1,6,79.95,1,41,1
Tecnico,8,2.19,4.03,41.09,3,1,50.55,1,23,0
Bachiller,13,30.1,32.62,62.92,2,6,37.73,1,42,0
Bachiller,12,50.26,46.86,69.93,1,1,69.67,0,26,0
Tecnico,12,5.62,14.8,71.11,2,3,90.06,1,39,0
Bachiller,8,49.11,98.47,5.2,3,0,32.03,1,37,1
Tecnico,13,92.71,20.91,85.97,3,4,46.07,1,32,1
Bachiller,8,10.54,13.04,45.83,0,0,22.94,0,30,1
Titulado,1,76.44,20.35,26.24,1,3,18.34,0,28,1
Titulado,15,40.97,76.91,24.18,4,8,77.79,0,33,0
Maestria,2,65.52,42.55,48.3,3,7,20.07,1,27,0
Titulado,6,26.02,56.54,88.68,1,5,79.33,1,40,1
Titulado,4,15.95,2.1,37.83,0,7,42.92,1,33,1
Titulado,1,16.05,3.44,74.97,4,4,99.5,0,40,0
Tecnico,2,7.05,44.58,9.68,1,6,19.73,0,36,0
Titulado,9,18.56,81.67,47.61,3,7,9.3,1,44,1
Titulado,5,66.42,88.52,99.17,1,6,7.54,0,33,0
Maestria,12,88.17,8.67,77.04,2,3,83.54,1,43,0
Titulado,6,81.41,53.84,21.05,4,4,43.78,0,24,0
Titulado,8,68.51,91.32,50.14,1,9,0.31,0,29,1
Bachiller,0,11.04,38.8,23.36,4,5,87.48,0,25,1
Maestria,10,28.92,82.96,40.96,2,5,87.69,1,29,1
Maestria,6,30.98,13.37,78.01,3,8,80.64,0,30,0
Maestria,7,25.0,93.54,77.12,4,9,24.83,1,43,0
Maestria,11,51.5,75.14,22.81,5,1,37.28,1,25,0
Maestria,13,53.56,94.13,92.22,1,5,74.49,1,29,1
Maestria,2,35.69,67.66,59.26,2,2,48.94,0,33,0
Tecnico,3,35.38,36.34,37.99,3,1,15.38,0,39,0
Titulado,9,82.86,93.82,50.19,0,5,24.28,0,22,1
Maestria,5,78.93,27.56,60.51,1,3,97.26,1,26,0
Titulado,9,30.78,33.22,55.99,2,4,15.1,0,21,1
Titulado,15,91.38,70.08,48.64,0,4,72.61,0,26,0
Tecnico,6,95.28,76.53,50.49,2,2,47.8,1,36,0
Maestria,12,32.67,92.94,17.64,4,3,74.86,1,32,0
Bachiller,13,35.44,20.48,81.27,3,2,66.11,1,40,1
Tecnico,3,50.56,79.8,54.18,2,6,43.92,0,28,1
Bachiller,7,94.11,73.85,13.11,4,0,35.39,0,32,0
Titulado,4,87.63,6.38,76.62,3,5,75.44,1,34,0
Titulado,0,10.26,38.72,93.24,0,3,32.31,0,32,1
Tecnico,3,39.27,28.28,94.73,2,0,78.78,1,36,0
Tecnico,2,55.34,30.45,36.9,5,0,67.98,0,27,0
Bachiller,8,50.31,98.29,13.55,1,4,57.77,1,28,0
Maestria,7,19.39,64.28,51.84,2,4,36.88,0,28,1
Bachiller,0,85.88,71.77,11.26,2,9,20.51,1,27,0
Tecnico,10,67.69,97.66,93.4,2,6,71.04,1,35,0
Bachiller,5,83.79,37.72,18.36,1,3,9.13,1,39,1
Tecnico,8,85.88,80.18,25.28,2,8,97.05,0,26,0
Bachiller,6,74.84,43.45,40.66,0,3,97.87,0,36,0
Tecnico,3,43.92,86.95,38.32,0,6,13.02,0,26,0
Tecnico,12,61.05,18.07,79.47,0,4,10.39,1,25,1
Tecnico,0,16.04,94.77,45.63,2,4,41.27,1,24,1
Maestria,11,67.36,21.88,17.08,5,5,96.37,1,36,0
Bachiller,1,17.93,32.62,26.72,3,7,40.03,1,27,1
Bachiller,11,69.39,75.62,50.91,4,4,36.38,1,20,0
Bachiller,4,22.96,39.38,14.75,1,2,70.36,1,35,1
Tecnico,11,11.76,60.82,61.17,2,5,17.87,1,36,0
Bachiller,10,16.53,44.46,56.57,3,1,36.33,1,22,1
Bachiller,15,0.2,74.24,71.47,2,7,29.13,1,32,0
Tecnico,4,71.87,22.83,93.77,3,7,60.15,0,27,0
Titulado,7,73.24,5.85,91.23,5,2,16.28,1,35,1
Tecnico,5,51.49,29.99,94.61,3,7,54.87,0,43,0
Bachiller,7,16.14,47.43,24.47,1,8,85.75,1,26,0
Tecnico,1,8.36,16.8,13.16,2,4,51.42,0,40,1
Titulado,2,1.91,35.48,30.23,1,4,68.35,1,34,0
Tecnico,5,16.57,40.0,89.51,2,5,7.52,0,43,0
Bachiller,11,89.09,5.74,97.21,1,6,44.9,1,21,1
Titulado,12,24.15,58.33,85.93,2,2,9.49,1,43,0
Maestria,9,35.43,88.43,11.0,1,4,59.95,1,21,0
Bachiller,2,10.53,15.17,94.74,3,0,28.11,0,29,1
Titulado,5,22.24,59.78,42.34,3,9,28.73,1,24,1
Titulado,5,51.92,66.47,0.93,3,4,7.68,0,23,0
Maestria,1,60.78,41.93,44.24,0,3,31.02,0,34,0
Tecnico,6,24.54,70.11,4.61,0,0,50.67,0,32,1
Tecnico,11,5.77,41.07,54.39,1,6,58.47,0,36,0
Bachiller,1,39.1,50.46,33.86,1,0,6.67,0,40,0
Maestria,5,23.42,0.74,47.34,4,7,65.15,1,42,1
Tecnico,0,21.96,69.17,61.32,1,9,48.89,0,20,0
Maestria,2,95.99,66.13,86.88,2,1,53.69,0,37,0
Tecnico,1,61.63,3.84,66.19,1,9,83.28,0,34,0
Titulado,6,55.69,36.83,43.4,2,4,34.22,0,33,0
Tecnico,13,41.58,97.9,81.94,0,5,17.41,1,28,0
Maestria,3,42.89,42.07,90.56,4,8,55.18,1,31,0
Titulado,7,54.09,50.19,11.98,2,6,94.5,1,24,1
Titulado,5,69.64,90.99,53.19,0,5,51.79,0,42,1
Titulado,11,70.21,71.73,28.45,2,4,83.19,0,21,0
Maestria,9,17.17,58.21,4.71,3,5,75.7,0,42,0
Bachiller,3,50.01,79.78,66.85,2,3,51.83,1,42,1
Bachiller,4,41.2,86.44,86.28,2,0,64.76,0,26,0
Bachiller,12,87.05,45.69,16.29,2,8,40.67,1,40,0
Maestria,12,63.14,47.51,81.24,0,4,53.06,0,28,1
Titulado,14,53.25,38.61,85.34,0,7,50.73,0,37,0
Bachiller,14,11.54,96.67,91.43,1,6,70.91,1,23,0
Maestria,8,60.56,69.72,26.53,3,7,41.0,0,21,1
Bachiller,6,11.72,8.32,90.4,4,0,9.98,1,43,0
Tecnico,15,33.72,86.3,32.07,2,8,78.87,0,20,0
Bachiller,9,14.28,48.06,55.23,2,0,68.49,1,44,0
Bachiller,13,69.21,6.88,5.05,2,2,95.01,0,31,0
Titulado,13,20.63,54.97,4.39,0,7,42.87,0,32,1
Maestria,8,39.19,41.72,72.04,0,0,7.82,0,33,1
Titulado,6,89.57,87.77,44.45,0,0,12.16,0,24,0
Titulado,15,20.43,20.4,25.63,0,5,77.33,0,22,0
Titulado,11,50.78,82.65,19.04,1,4,6.78,1,23,1
Titulado,0,41.93,55.77,67.0,2,5,90.78,1,36,0
Titulado,15,1.81,5.46,0.04,3,2,28.17,0,38,0
Bachiller,11,79.28,97.18,80.59,6,9,89.89,1,30,0
Titulado,7,6.9,51.26,7.92,3,9,77.35,1,27,0
Titulado,3,47.43,29.09,19.15,2,5,87.12,1,31,0
Maestria,2,56.07,46.94,38.62,2,1,21.4,1,37,0
Tecnico,15,62.84,85.79,48.49,0,7,59.57,0,37,1
Bachiller,13,68.86,30.49,35.5,1,5,9.36,1,28,1
Bachiller,12,25.33,19.27,32.07,2,3,20.23,1,24,0
Bachiller,6,1.0,12.91,96.39,1,3,30.99,0,40,0
Titulado,11,72.34,29.79,64.16,1,6,74.08,0,36,0
Titulado,2,53.57,78.0,2.34,0,2,2.47,0,32,0
Titulado,7,83.61,47.16,43.02,0,2,90.31,0,25,0
Maestria,5,82.14,22.75,87.5,3,5,7.08,0,43,0
Tecnico,4,84.33,16.62,30.15,1,8,37.65,0,41,0
Titulado,3,48.51,33.27,9.46,1,0,8.11,0,33,0
Tecnico,7,33.36,93.99,75.84,4,4,76.9,0,34,1
Maestria,7,79.16,34.3,60.6,3,0,14.13,1,42,0
Bachiller,11,45.13,98.81,57.03,2,0,88.48,0,33,0
Titulado,0,18.34,48.52,5.36,5,2,53.02,1,23,0
Tecnico,8,85.5,17.92,14.05,2,2,94.85,0,37,0
Tecnico,13,88.26,89.11,62.25,1,3,29.04,0,20,1
Titulado,4,46.63,46.04,20.78,4,2,45.43,1,31,0
Bachiller,3,7.57,70.97,50.41,4,5,69.42,0,41,1
Bachiller,5,38.78,98.37,54.49,4,3,83.19,0,28,0
Bachiller,5,80.35,5.02,28.35,3,7,42.14,1,29,1
Maestria,1,90.18,9.67,94.84,1,0,89.24,1,40,0
Tecnico,7,20.35,72.05,84.25,3,7,11.8,1,37,0
Tecnico,6,6.7,28.18,72.24,0,0,70.87,1,36,0
Tecnico,15,87.74,18.43,7.8,0,0,34.82,1,38,0
Maestria,0,38.94,3.94,10.61,4,6,10.13,1,23,0
Tecnico,4,54.18,2.18,49.28,5,0,38.67,0,35,0
Maestria,15,96.81,77.45,16.07,2,8,88.02,0,26,1
Bachiller,11,6.66,13.44,97.83,1,7,98.05,0,28,0
Titulado,5,64.83,46.77,15.85,1,0,39.28,0,27,0
Tecnico,3,7.41,60.59,48.75,1,1,88.64,0,44,0
Tecnico,1,37.55,42.84,36.41,3,1,50.97,1,26,0
Bachiller,12,80.38,2.71,63.94,0,1,71.7,1,29,0
Titulado,13,43.35,78.35,12.9,2,5,4.54,0,27,0
Maestria,3,99.72,1.05,43.03,0,3,55.73,1,43,0
Titulado,0,55.91,76.19,27.47,2,7,7.02,0,36,1
Bachiller,6,32.12,89.33,88.78,0,0,26.86,1,31,0
Bachiller,1,22.01,43.28,4.06,5,9,56.68,0,33,0
Titulado,12,35.05,53.55,91.37,2,3,80.72,0,31,0
Maestria,1,37.25,47.7,83.3,2,9,56.09,0,44,0
Maestria,8,6.87,38.92,29.76,7,4,93.62,1,21,0
Tecnico,4,36.96,88.74,78.93,1,8,81.03,1,31,0
Maestria,1,46.42,89.39,3.12,3,4,15.62,0,33,0
Titulado,10,72.27,33.58,96.69,0,2,38.9,1,26,0
Bachiller,8,65.67,61.51,52.66,1,3,66.85,0,32,0
Tecnico,8,70.88,92.69,30.33,2,9,93.84,0,40,0
Tecnico,0,0.84,96.21,36.26,1,6,98.77,1,23,0
Bachiller,10,21.77,50.9,6.64,2,0,76.32,0,20,0
Maestria,2,66.17,45.28,98.93,0,5,57.38,0,36,0
Bachiller,3,48.4,27.87,3.93,1,7,75.66,0,22,1
Maestria,13,0.53,95.89,65.49,0,0,27.32,1,36,1
Bachiller,6,80.45,14.28,44.27,4,7,28.36,0,27,0
Titulado,9,77.28,57.98,94.89,2,6,65.43,0,22,0
Maestria,3,54.84,28.26,24.6,1,0,87.18,0,29,0
Titulado,1,6.65,27.9,53.21,0,8,96.98,0,21,0
Tecnico,6,76.65,40.5,48.24,8,2,34.13,1,41,1
Bachiller,5,58.37,99.88,70.29,1,1,79.66,0,23,0
Tecnico,2,78.2,5.5,6.8,3,6,85.15,0,33,1
Tecnico,5,75.17,57.85,19.38,2,2,62.32,1,30,0
Tecnico,10,80.3,8.26,21.46,1,0,34.76,1,33,1
Tecnico,14,51.8,15.45,73.82,1,9,61.91,1,32,1
Bachiller,5,14.03,43.96,18.91,4,2,58.44,1,23,1
Tecnico,11,67.12,51.05,57.35,1,5,60.65,1,21,0
Bachiller,4,62.05,25.88,21.52,1,2,61.93,1,21,1
Bachiller,3,74.23,31.65,86.16,2,4,84.71,0,30,0
Titulado,9,16.99,8.7,94.22,2,8,17.01,0,41,1
Maestria,11,19.5,30.32,51.85,0,6,36.73,1,24,0
Maestria,14,89.04,96.66,35.23,2,1,58.6,0,28,0
Bachiller,0,75.0,94.47,23.41,1,0,28.33,1,39,1
Titulado,9,90.82,33.49,4.98,3,6,97.82,0,40,1
Bachiller,5,75.87,57.09,26.85,1,3,26.32,1,36,1
Bachiller,1,59.72,90.96,65.42,2,6,46.96,1,31,0
Bachiller,12,65.41,0.62,53.36,6,5,87.74,0,37,1
Titulado,2,88.91,81.07,94.4,3,6,8.01,1,22,1
Maestria,13,57.88,94.84,39.63,0,3,82.07,0,24,0
Titulado,7,63.24,9.13,69.39,2,2,57.1,1,40,1
Tecnico,9,15.65,16.14,48.93,4,4,3.18,1,39,0
Titulado,13,47.39,96.07,51.26,0,2,90.29,0,33,0
Titulado,13,71.64,53.75,26.78,3,2,3.92,1,35,0
Titulado,5,27.09,1.42,45.5,2,3,51.52,0,38,0
Titulado,2,20.23,25.76,47.08,3,7,4.9,0,28,0
Maestria,15,31.38,44.99,70.66,2,1,7.12,0,36,0
Tecnico,6,24.15,69.29,94.06,3,3,88.72,0,41,0
Maestria,3,21.49,73.32,32.93,1,2,76.58,0,26,0
Maestria,13,42.49,99.54,4.22,3,6,19.69,1,29,0
Titulado,8,90.78,28.75,49.63,1,1,62.05,1,23,0
Bachiller,14,50.71,53.82,54.45,5,0,79.47,0,29,0
Bachiller,4,18.79,53.33,16.84,0,9,88.96,1,22,0
Maestria,2,7.7,40.56,76.05,6,0,46.83,0,43,1
Maestria,1,69.62,16.92,98.49,3,5,89.75,1,28,1
Titulado,10,38.28,97.75,94.58,2,2,50.79,0,32,0
Maestria,1,82.18,85.33,19.71,3,6,68.82,1,20,0
Titulado,2,65.95,49.83,87.54,1,7,97.9,0,34,0
Bachiller,1,79.62,60.32,70.45,3,4,23.6,1,34,0
Bachiller,13,27.19,22.73,45.38,1,4,16.85,0,30,1
Tecnico,3,69.24,54.38,54.06,2,1,34.2,0,29,0
Bachiller,1,26.41,69.5,84.96,2,7,16.44,1,44,0
Maestria,15,93.91,51.52,48.01,1,9,28.42,0,26,0
Bachiller,9,63.64,99.03,37.32,2,0,74.3,0,20,1
Titulado,8,32.45,61.13,49.32,2,9,47.75,1,26,0
Bachiller,1,26.95,37.1,57.91,2,8,37.5,1,24,0
Tecnico,8,19.09,77.22,18.91,5,0,36.87,0,42,0
Bachiller,12,69.46,17.05,90.09,1,0,19.45,0,35,0
Titulado,5,21.87,38.45,67.42,0,0,44.74,0,44,1
Titulado,0,59.53,34.7,63.33,4,6,62.46,0,27,0
Maestria,3,26.46,43.18,9.95,4,3,13.92,1,41,0
Bachiller,14,66.2,78.18,60.42,3,6,97.28,0,21,0
Titulado,13,81.49,48.42,12.1,4,4,44.33,0,27,0
Tecnico,0,77.8,79.4,7.87,2,6,94.8,1,33,0
Maestria,13,76.09,57.65,52.73,0,9,13.47,1,23,0
Tecnico,15,18.77,34.21,40.28,0,6,76.72,0,43,0
Bachiller,5,8.84,81.0,58.88,3,3,61.76,1,34,0
Bachiller,13,69.89,23.83,8.92,4,1,82.01,1,26,0
Bachiller,12,36.83,22.44,43.1,2,7,60.07,1,39,1
Maestria,3,43.23,50.45,17.48,0,1,96.28,0,27,1
Titulado,2,3.11,26.08,98.71,0,8,62.69,0,30,1
Maestria,2,25.96,0.91,56.12,1,4,78.46,0,21,0
Tecnico,8,3.37,64.83,68.74,1,8,87.76,1,28,0
Maestria,5,87.92,51.11,32.54,2,8,71.46,0,25,0
Tecnico,8,24.34,44.55,9.47,0,7,52.42,0,42,0
Maestria,12,55.73,96.7,97.59,0,7,27.28,0,20,1
Titulado,4,3.9,57.12,28.63,1,3,85.45,1,22,1
Tecnico,1,66.68,86.34,42.38,2,3,48.06,0,29,1
Bachiller,7,32.3,13.95,64.99,1,1,62.07,0,24,0
Bachiller,4,89.79,56.92,2.47,4,3,7.92,0,31,1
Maestria,1,88.81,86.8,81.03,2,3,49.74,0,42,1
Bachiller,3,32.53,58.31,53.66,3,5,69.82,1,20,0
Tecnico,8,90.1,71.8,27.82,2,2,58.41,0,28,0
Bachiller,14,99.62,37.2,6.16,3,1,44.86,0,40,0
Titulado,3,82.54,9.24,16.25,0,7,22.34,1,32,0
Titulado,12,84.49,45.79,89.5,4,1,30.97,1,38,1
Maestria,11,24.9,39.45,68.6,2,7,70.06,1,26,0
Tecnico,11,57.67,86.71,24.99,2,6,22.42,1,35,0
Titulado,15,6.73,24.4,6.56,1,2,62.17,1,27,0
Titulado,15,9.49,96.67,69.06,2,5,58.97,0,38,0
Tecnico,15,99.89,95.81,57.24,1,5,97.04,1,26,0
Bachiller,11,32.66,24.76,40.45,1,9,6.08,1,42,1
Bachiller,12,74.82,34.81,36.36,0,4,10.81,1,23,0
Maestria,14,80.67,89.56,21.68,3,7,50.61,0,29,1
Bachiller,13,85.8,96.66,66.96,5,4,52.71,0,44,1
Tecnico,3,99.76,44.34,97.07,2,6,3.99,0,20,0
Titulado,1,24.15,32.1,17.57,1,5,82.59,1,36,1
Bachiller,12,4.04,52.61,59.71,0,6,49.47,0,40,0
Maestria,11,41.12,68.78,42.42,1,8,34.66,1,32,0
Bachiller,14,13.01,27.35,44.67,2,2,31.89,1,38,0
Tecnico,5,2.24,73.65,25.41,0,9,86.14,0,32,0
Maestria,15,36.04,5.17,82.51,2,6,19.67,0,28,0
Bachiller,12,78.37,4.93,48.53,1,9,16.04,0,24,1
Maestria,10,56.62,38.63,54.34,1,2,21.32,1,42,0
Tecnico,13,31.28,35.35,30.48,5,1,62.5,0,20,0
Titulado,1,65.43,31.56,18.18,0,6,81.09,0,21,1
Tecnico,11,23.2,49.1,8.59,2,3,33.1,0,30,1
Tecnico,6,1.44,32.07,71.41,0,0,17.35,0,23,0
Tecnico,2,76.44,19.23,19.62,0,5,20.92,0,28,0
Tecnico,14,62.37,30.95,69.01,0,5,61.92,1,24,0
Titulado,2,76.23,97.49,39.04,3,5,24.6,1,24,0
Titulado,4,3.89,41.11,41.58,4,1,87.73,0,44,0
Maestria,2,83.71,44.47,46.92,4,0,10.39,1,27,1
Bachiller,1,61.95,57.65,36.77,1,2,3.24,1,21,0
Titulado,9,56.34,98.33,10.06,2,1,8.84,1,26,0
Titulado,8,62.46,24.16,30.96,2,5,84.56,0,36,1
Bachiller,1,86.44,68.13,66.37,1,5,65.12,1,30,0
Titulado,13,58.69,71.6,66.58,3,4,95.77,0,34,0
Tecnico,10,58.1,60.73,28.62,3,9,33.63,1,44,0
Tecnico,1,99.07,8.86,46.01,2,9,21.27,0,22,1
Bachiller,12,75.67,67.69,19.34,1,4,56.2,1,32,1
Maestria,14,44.23,6.41,21.04,3,8,53.78,1,37,1
Maestria,7,70.74,59.61,2.3,0,4,59.1,0,39,0
Bachiller,14,38.92,73.96,89.67,3,9,34.75,0,39,1
Bachiller,8,22.89,21.1,21.07,2,5,0.59,1,22,0
Tecnico,6,59.69,84.16,22.75,1,3,3.5,0,21,0
Maestria,2,92.82,3.04,27.96,3,9,66.38,0,24,0
Titulado,8,92.91,84.38,12.74,3,0,52.33,0,39,0
Tecnico,2,34.19,46.03,63.93,2,3,82.1,0,24,0
Bachiller,4,52.77,21.76,7.51,3,1,30.04,1,32,0
Maestria,8,21.16,13.38,13.42,2,9,81.55,0,27,0
Titulado,11,99.56,95.33,64.48,1,2,42.55,1,35,0
Titulado,13,98.11,7.27,33.97,3,6,9.67,1,37,1
Tecnico,13,64.95,19.91,70.79,1,6,97.79,0,44,1
Maestria,2,80.44,34.78,55.74,2,0,51.19,0,35,0
Maestria,6,71.51,62.02,25.6,2,7,62.95,0,20,0
Bachiller,15,59.32,54.48,65.08,4,6,67.08,0,27,0
Maestria,15,5.33,12.56,11.63,1,0,36.24,1,40,0
Maestria,11,45.48,28.97,53.64,1,7,74.75,1,21,1
Tecnico,0,67.48,23.88,43.71,2,1,87.03,0,43,0
Maestria,3,67.75,21.35,26.79,3,7,38.72,1,24,0
Titulado,3,37.31,41.11,60.4,1,2,65.7,0,34,0
Tecnico,6,94.17,70.4,87.13,1,9,75.71,1,33,1
Tecnico,7,16.74,21.75,99.89,2,6,19.01,1,22,0
Bachiller,0,50.04,36.67,60.78,1,5,33.26,1,26,0
Maestria,4,69.09,39.09,40.47,2,4,10.88,0,23,0
Bachiller,6,69.71,97.65,22.52,2,9,60.22,0,30,1
Titulado,11,64.86,95.47,25.71,1,1,80.09,1,31,1
Tecnico,3,27.53,80.01,47.95,1,1,61.08,0,34,0
Tecnico,12,15.62,24.17,36.73,2,0,17.98,0,25,1
Tecnico,3,63.59,6.8,91.38,1,8,54.64,1,43,1
Titulado,3,59.93,31.69,36.83,2,7,83.49,0,20,1
Titulado,11,17.94,26.68,37.34,2,7,30.27,0,37,1
Bachiller,5,70.51,50.59,38.35,3,0,83.27,1,33,0
Bachiller,6,45.52,77.77,83.66,3,4,78.46,1,43,0
Bachiller,1,66.78,85.83,65.08,2,5,2.17,1,26,1
Maestria,14,83.74,84.49,61.42,4,1,23.95,1,29,0
Tecnico,4,16.97,35.97,33.41,4,9,54.29,0,28,1
Tecnico,3,1.91,68.72,81.79,1,4,71.76,0,21,0
Bachiller,14,77.91,31.28,3.84,3,5,88.05,1,27,0
Tecnico,13,60.97,6.09,87.08,1,8,64.1,1,41,0
Bachiller,15,69.96,70.16,51.27,0,9,38.03,0,20,1
Maestria,12,83.82,0.98,39.83,3,0,18.46,0,39,0
Maestria,2,80.28,40.92,49.72,3,9,76.0,0,21,0
Titulado,6,96.09,32.94,66.74,0,2,20.68,1,26,1
Maestria,10,53.59,69.34,1.28,0,8,69.54,1,44,1
Bachiller,11,48.85,76.62,87.16,4,0,18.12,1,35,0
Maestria,5,40.19,30.41,44.67,1,0,9.11,1,41,0
Titulado,13,15.37,81.16,34.3,4,0,25.11,0,23,0
Tecnico,6,57.26,29.39,13.82,2,6,28.49,1,40,1
Bachiller,4,27.7,44.63,43.95,2,4,64.72,1,36,0
Tecnico,12,92.13,72.7,49.63,3,5,16.09,0,23,0
Titulado,5,58.32,69.29,40.36,2,7,93.03,1,22,0
Titulado,4,59.28,98.74,67.87,2,1,55.44,0,28,0
Titulado,13,35.49,22.52,42.09,0,1,49.09,1,41,0
Tecnico,6,5.2,66.23,96.14,3,2,43.47,0,34,0
Tecnico,1,3.17,60.97,59.93,2,2,56.66,0,39,1
Tecnico,13,42.33,91.51,80.75,2,2,2.24,0,22,0
Tecnico,10,8.46,15.64,10.94,1,3,99.01,1,31,0
Titulado,4,60.68,75.18,39.73,1,2,55.75,1,34,0
Titulado,5,88.1,56.83,33.68,1,1,3.52,1,39,1
Bachiller,5,88.29,27.47,56.95,3,8,59.0,1,27,0
Bachiller,14,65.9,47.44,86.11,1,5,43.71,1,31,0
Tecnico,4,21.12,33.38,7.83,4,2,2.4,1,40,0
Maestria,9,86.3,57.93,7.26,2,8,92.44,0,32,0
Maestria,6,88.61,88.9,85.03,1,3,1.06,1,34,1
Titulado,9,19.67,56.93,21.29,1,3,57.79,1,30,0
Titulado,7,73.74,63.17,66.88,3,7,96.18,0,36,0
Titulado,6,28.65,51.87,54.29,2,6,23.76,0,40,1
Bachiller,4,80.26,5.12,83.29,0,6,25.42,1,43,0
Bachiller,0,99.72,23.29,12.51,3,9,0.04,0,31,0
Titulado,12,3.0,49.2,12.98,1,6,6.64,1,39,0
Titulado,4,89.74,31.02,55.68,0,9,4.49,0,37,0
Titulado,9,62.26,18.18,94.64,6,4,82.27,1,35,0
Maestria,1,97.34,50.41,41.5,1,6,83.67,0,22,0
Bachiller,12,46.5,32.28,32.69,4,3,72.67,0,28,1
Maestria,4,84.74,25.81,60.67,3,7,35.27,1,26,0
Maestria,4,6.24,46.4,93.04,3,8,82.13,1,38,0
Titulado,1,33.53,13.33,83.69,3,2,53.98,0,24,0
Titulado,4,6.7,92.77,99.55,3,6,30.43,0,38,0
Tecnico,12,97.53,86.77,2.26,1,9,43.73,0,29,1
Tecnico,15,81.7,70.76,11.29,0,8,6.58,0,39,0
Maestria,3,85.25,10.62,60.95,1,0,94.49,1,31,1
Bachiller,0,93.8,77.59,82.06,1,1,61.91,0,27,0
Titulado,2,8.51,80.8,28.52,0,6,73.12,0,22,0
Titulado,0,38.56,76.78,23.92,1,1,67.66,1,38,0
Maestria,11,7.1,11.4,78.7,3,6,66.77,1,30,0
Tecnico,10,21.08,64.39,5.64,0,0,1.73,1,27,0
Bachiller,14,22.94,83.43,36.94,0,2,52.54,1,32,1
Tecnico,4,46.91,57.74,50.58,2,4,82.17,1,42,0
Tecnico,3,26.86,64.64,56.03,1,5,4.45,1,42,1
Tecnico,15,10.1,45.84,72.86,4,8,95.62,0,29,0
Tecnico,6,16.75,52.87,35.48,0,8,42.42,0,37,0
Titulado,4,14.73,3.44,61.27,2,2,28.99,0,31,0
Titulado,9,97.31,63.9,58.54,4,7,53.18,1,26,0
Tecnico,13,75.93,8.14,54.76,2,3,80.12,1,30,1
Bachiller,3,96.78,43.5,64.05,4,6,47.48,0,29,0
Maestria,1,43.97,29.27,25.94,1,5,64.51,0,22,1
Bachiller,3,27.84,54.54,8.46,2,7,49.99,1,26,0
Bachiller,15,79.83,13.34,11.93,0,5,63.13,1,23,1
Bachiller,11,32.63,69.16,22.46,2,3,13.8,0,27,1
Tecnico,1,29.94,79.5,50.02,2,1,3.87,0,27,0
Titulado,7,23.25,16.34,84.04,4,6,13.69,0,25,0
Bachiller,2,12.97,10.43,70.13,1,3,28.58,0,32,0
Tecnico,8,25.65,14.55,78.9,5,8,25.34,0,31,0
Bachiller,12,35.53,87.71,35.1,1,8,61.52,1,22,0
Bachiller,3,67.4,52.82,40.47,0,6,45.59,0,25,0
Tecnico,12,6.26,46.73,39.37,3,4,3.88,0,41,0
Titulado,5,21.05,10.67,19.19,1,2,3.49,1,38,1
Titulado,9,80.9,64.96,6.12,3,2,9.06,0,30,0
Maestria,4,14.69,86.8,59.09,4,8,35.31,1,23,1
Tecnico,9,34.26,82.82,98.92,0,8,0.62,1,34,0
Maestria,12,86.47,62.61,16.68,1,3,49.4,0,21,0
Maestria,0,15.49,7.53,4.67,2,0,36.07,0,34,0
Maestria,8,8.27,11.24,77.95,1,9,55.54,1,36,0
Titulado,15,48.45,4.93,25.26,4,4,72.08,1,21,1
Tecnico,0,30.24,25.75,82.96,1,7,25.1,1,26,1
Maestria,7,56.34,13.57,70.39,4,9,15.71,0,35,0
Tecnico,8,80.38,26.0,94.57,0,3,27.81,0,24,1
Tecnico,8,13.71,38.51,40.89,0,9,0.18,0,35,0
Titulado,0,58.07,94.3,66.2,2,9,12.0,0,44,1
Maestria,1,50.55,61.04,46.49,4,3,75.08,0,38,0
Maestria,11,14.41,83.5,63.06,4,8,22.28,1,21,1
Tecnico,15,62.4,71.04,44.96,1,8,99.43,0,34,1
Bachiller,12,27.36,11.25,18.86,3,6,16.78,0,23,0
Titulado,0,48.78,73.59,50.79,1,9,78.88,1,21,0
Titulado,9,8.23,27.51,52.86,1,7,70.5,0,42,0
Titulado,1,45.96,63.91,81.06,1,3,32.21,0,29,0
Titulado,9,30.65,34.1,73.55,2,7,33.07,0,41,1
Maestria,15,82.24,99.77,66.38,3,5,56.36,1,43,1
Maestria,11,5.7,26.36,11.34,3,2,85.24,1,24,1
Bachiller,7,41.86,27.91,72.06,0,6,38.62,0,37,0
Titulado,4,45.84,93.07,50.03,0,2,6.12,0,23,0
Titulado,11,72.5,2.46,89.41,0,6,37.44,0,20,0
Tecnico,10,57.43,69.67,91.99,1,4,20.73,1,37,1
Maestria,6,66.72,72.53,5.52,2,3,93.92,1,39,0
Titulado,1,77.7,83.64,82.06,3,2,69.73,0,25,0
Bachiller,7,86.22,97.44,3.77,2,7,5.08,0,39,0
Bachiller,10,31.39,97.56,36.72,3,3,29.3,0,39,0
Maestria,5,53.8,6.53,54.23,3,7,5.02,0,33,0
Bachiller,7,84.01,82.18,14.81,4,9,83.0,1,29,0
Bachiller,0,98.95,64.63,74.63,2,2,90.63,1,37,1
Maestria,14,88.95,64.73,0.84,1,9,11.23,0,28,0
Titulado,0,37.15,12.83,16.86,2,8,44.03,1,31,1
Titulado,11,19.52,65.02,58.08,2,5,93.19,1,29,0
Bachiller,6,48.94,98.25,71.44,2,4,14.52,0,43,1
Bachiller,7,74.16,91.18,91.66,1,4,29.19,0,43,0
Titulado,12,49.26,43.91,70.55,1,2,30.43,0,40,1
Maestria,2,48.32,3.99,67.18,0,1,3.01,0,38,1
Bachiller,4,83.82,36.23,39.43,0,5,3.63,1,25,0
Tecnico,15,36.14,82.64,0.13,2,0,95.28,0,33,1
Maestria,11,85.98,70.15,12.02,1,6,57.11,0,44,0
Bachiller,0,40.68,45.93,53.46,7,4,30.66,0,27,1
Bachiller,6,32.82,5.51,67.51,1,3,37.87,0,42,0
Tecnico,4,45.4,42.69,41.74,1,8,71.48,1,33,1
Tecnico,7,76.24,46.9,73.07,1,9,36.65,0,30,1
Titulado,12,12.6,92.86,52.19,2,0,22.78,0,43,0
Maestria,7,19.64,64.11,7.42,4,3,10.18,1,35,0
Maestria,8,95.14,31.17,19.2,2,2,72.89,0,39,1
Titulado,6,17.55,52.53,84.0,1,5,18.06,0,25,1
Maestria,10,56.77,6.61,72.49,1,4,6.96,0,34,1
Maestria,0,57.93,97.26,89.48,1,6,42.7,1,34,0
Maestria,12,48.96,36.01,11.76,0,0,3.96,0,33,0
Maestria,2,64.47,47.79,99.02,4,4,96.5,0,40,0
Maestria,7,22.98,35.53,20.94,1,1,62.73,0,31,0
Tecnico,2,55.27,68.25,1.18,3,1,15.27,1,21,0
Maestria,7,37.22,66.22,99.74,3,1,17.25,0,27,0
Tecnico,0,66.17,71.53,28.11,3,8,56.98,0,38,0
Maestria,4,14.12,26.81,66.8,2,9,35.66,0,33,0
Titulado,3,57.09,31.57,17.67,2,2,77.43,1,24,0
Bachiller,4,18.53,12.53,58.02,3,3,54.58,1,43,1
Tecnico,7,27.86,65.55,90.4,2,4,43.33,0,28,0
Maestria,9,21.87,3.98,32.02,0,3,96.3,0,32,0
Titulado,14,18.28,59.77,67.03,3,3,39.07,1,28,0
Bachiller,13,82.57,86.97,18.79,2,4,40.06,0,33,0
Tecnico,3,28.57,89.08,62.48,4,9,66.58,1,24,1
Bachiller,10,92.71,44.9,33.65,2,8,80.95,1,21,0
Titulado,3,96.99,45.93,21.12,1,8,62.62,1,26,1
Tecnico,14,57.13,7.7,31.32,3,5,69.86,0,35,0
Bachiller,2,14.3,67.08,17.88,2,2,37.29,1,30,1
Maestria,6,37.45,82.13,90.19,2,5,47.95,1,30,0
Tecnico,2,79.77,24.47,39.72,0,9,19.7,0,42,0
Bachiller,11,36.74,42.13,24.53,0,3,68.02,0,31,1
Titulado,2,8.7,83.88,44.84,4,2,22.15,0,32,0
Titulado,10,55.68,87.71,32.05,1,5,0.13,1,27,1
Tecnico,9,84.51,24.32,74.44,2,5,93.38,1,43,0
Bachiller,4,79.59,55.06,97.12,1,1,30.6,0,35,1
Tecnico,4,17.51,19.25,43.8,1,8,19.66,1,40,1
Tecnico,13,67.28,10.19,86.1,1,7,26.81,0,20,1
Bachiller,5,22.05,91.11,56.59,2,5,33.04,0,32,0
Bachiller,15,21.82,82.05,15.72,3,0,47.45,0,30,0
Maestria,7,87.41,76.0,69.06,2,1,6.94,0,23,1
Bachiller,15,24.97,4.88,51.34,1,3,5.27,0,23,1
Titulado,9,26.32,84.37,65.06,1,6,29.29,1,34,0
Tecnico,5,0.07,43.8,88.97,2,8,29.58,1,22,0
Tecnico,14,87.07,34.24,44.04,1,9,11.76,0,43,0
Titulado,15,79.26,54.65,90.12,3,4,40.48,1,38,1
Bachiller,15,62.73,9.14,75.07,2,9,28.4,1,40,0
Titulado,11,75.03,75.66,48.86,1,1,2.61,0,21,0
Titulado,0,15.2,58.24,60.32,3,0,88.57,1,25,0
Maestria,14,45.83,18.66,32.56,3,9,88.6,1,41,1
Titulado,7,35.12,18.82,98.36,4,0,20.92,0,43,1
Tecnico,15,9.38,18.42,66.74,0,4,16.29,1,27,0
Titulado,7,48.61,5.7,4.38,4,6,54.73,1,36,0
Tecnico,8,92.07,58.78,32.66,2,8,63.08,1,24,1
Tecnico,8,4.01,84.03,62.33,2,8,95.75,1,21,1
Tecnico,1,29.15,1.75,5.63,0,7,37.73,1,31,0
Bachiller,14,20.75,4.9,2.39,1,0,61.82,0,24,1
Maestria,1,23.81,57.28,45.0,4,4,87.82,0,29,0
Tecnico,2,90.84,81.95,33.27,2,5,45.0,0,28,1
Tecnico,0,46.81,32.67,43.83,3,5,12.23,0,39,0
Bachiller,3,46.63,34.96,26.27,2,3,37.74,0,27,0
Tecnico,13,76.06,59.63,16.47,7,0,13.66,1,20,1
Titulado,3,15.45,27.42,68.91,2,2,1.66,1,43,0
Titulado,13,48.73,2.66,51.46,3,9,75.16,0,25,0
Maestria,8,43.0,73.52,20.02,0,3,23.84,0,43,0
Tecnico,8,59.69,62.56,31.96,2,3,0.2,0,41,0
Bachiller,8,99.96,58.08,59.18,3,3,87.24,1,30,1
Titulado,9,76.94,74.17,7.22,3,4,44.38,1,22,0
Bachiller,6,39.79,67.52,14.75,3,8,23.89,1,34,0
Bachiller,13,82.76,20.59,7.32,3,3,26.28,1,30,0
Titulado,14,17.07,35.25,81.23,1,8,24.05,1,43,0
Bachiller,1,3.05,12.61,75.24,2,8,19.46,1,24,0
Titulado,9,20.44,12.99,75.33,2,0,84.12,0,35,1
Bachiller,4,34.04,67.62,71.63,1,4,17.03,1,40,0
Titulado,3,51.06,85.86,66.94,1,8,56.19,0,26,1
Tecnico,11,61.51,96.27,47.7,3,3,7.73,0,25,0
Maestria,10,91.06,62.83,64.23,4,4,94.95,1,28,0
Titulado,7,50.99,18.41,3.84,1,3,60.33,1,26,0
Titulado,1,50.13,10.57,62.15,0,1,90.32,1,22,0
Maestria,5,5.02,81.29,77.79,2,9,39.79,1,30,1
Titulado,12,3.49,57.88,50.04,1,1,81.07,1,31,0
Titulado,4,55.12,61.83,35.75,2,1,85.37,1,40,0
Bachiller,15,43.82,78.15,27.74,3,0,70.29,1,44,1
Maestria,14,83.92,70.33,64.28,2,2,9.29,1,30,0
Tecnico,15,16.07,83.45,69.28,0,9,1.61,0,21,0
Titulado,15,2.5,5.62,87.1,1,0,16.86,0,20,1
Maestria,15,44.9,74.75,34.23,1,3,11.81,1,43,0
Bachiller,11,23.75,85.09,76.98,0,0,72.51,0,43,1
Tecnico,1,4.96,28.61,56.14,4,3,55.7,1,21,0
Maestria,10,72.46,64.04,88.28,1,2,52.6,0,33,0
Tecnico,9,11.16,31.42,52.78,2,8,25.29,0,32,0
Tecnico,14,60.83,95.8,51.76,0,0,15.46,1,43,0
Tecnico,0,28.1,3.34,57.79,4,7,20.65,1,24,0
Titulado,7,17.35,57.98,74.93,0,8,40.03,1,21,0
Titulado,1,37.98,16.65,96.47,1,6,74.01,0,42,1
Bachiller,6,80.14,71.22,7.36,2,0,25.45,0,42,1
Bachiller,8,39.21,17.59,5.34,3,3,69.86,1,38,0
Maestria,8,75.08,23.54,93.76,1,9,49.15,0,36,0
Bachiller,7,12.55,49.44,52.99,2,0,88.54,1,30,0
Tecnico,10,77.28,91.48,61.49,4,3,23.29,0,35,1
Tecnico,13,23.69,21.17,48.24,6,2,45.09,1,39,0
Titulado,11,67.74,14.42,9.37,0,1,9.67,0,37,0
Tecnico,9,56.58,75.9,76.81,1,0,33.52,1,39,0
Maestria,8,92.91,50.06,74.72,1,5,50.69,1,27,1
Tecnico,1,38.73,91.18,31.17,2,6,73.27,1,21,0
Tecnico,5,6.62,14.66,30.62,0,5,19.81,0,36,0
Maestria,3,1.92,64.59,83.78,3,8,21.81,1,30,0
Bachiller,13,82.69,23.29,7.24,5,8,63.16,0,33,1
Bachiller,3,52.47,15.68,88.11,1,1,38.25,1,35,1
Maestria,4,77.52,68.34,25.67,4,1,48.21,1,34,1
Titulado,11,23.44,59.37,59.3,2,8,83.61,1,34,1
Tecnico,15,34.51,75.48,93.6,2,0,49.91,0,22,0
Maestria,2,3.01,30.95,67.81,3,4,65.25,0,26,0
Tecnico,13,96.15,44.8,41.44,2,0,65.68,0,31,1
Titulado,0,66.79,40.55,68.95,4,6,80.36,1,41,0
Tecnico,7,93.32,98.41,34.4,2,8,63.81,0,41,0
Maestria,4,26.55,29.22,27.73,7,5,6.48,1,42,1
Tecnico,2,61.15,29.48,99.67,1,1,34.22,1,43,1
Bachiller,9,67.85,35.45,75.08,2,5,98.93,1,22,1
Titulado,15,31.75,56.46,64.47,3,8,19.65,1,38,1
Titulado,13,84.81,25.23,35.53,1,2,58.67,1,29,0
Titulado,6,94.72,91.53,4.92,1,8,84.29,0,27,1
Maestria,6,88.49,26.57,3.11,3,7,58.66,0,35,0
Titulado,0,73.91,89.58,55.42,2,6,37.23,1,35,1
Bachiller,11,27.75,10.35,76.2,1,7,8.02,1,31,0
Maestria,8,28.16,65.66,53.74,4,9,36.17,0,42,0
Bachiller,14,96.34,90.7,84.08,2,5,18.21,1,24,1
Tecnico,1,1.03,16.87,3.34,1,2,96.09,1,39,0
Tecnico,4,71.6,96.83,36.68,2,6,71.5,1,25,0
Tecnico,12,70.62,45.29,23.71,3,3,74.94,1,44,0
Tecnico,13,62.27,94.57,44.73,1,9,43.6,0,25,0
Bachiller,4,99.01,67.68,7.24,0,4,11.0,1,27,0
Maestria,13,31.19,30.16,95.41,1,7,26.67,0,36,0
Maestria,7,34.0,18.83,22.33,0,6,25.97,0,31,0
Titulado,13,7.89,30.37,92.23,1,6,48.68,0,41,0
Bachiller,7,44.28,9.3,42.59,2,7,46.1,0,33,1
Tecnico,13,26.1,14.39,98.55,1,9,43.34,1,21,0
Bachiller,6,34.34,10.47,55.41,4,2,49.6,1,38,0
Titulado,6,83.46,42.29,93.08,1,2,98.7,1,25,1
Titulado,11,93.55,79.56,0.53,2,1,29.84,0,37,0
Bachiller,15,18.57,14.14,74.82,0,0,61.53,0,23,0
Bachiller,10,37.25,13.03,90.31,0,9,23.95,0,41,1
Bachiller,15,92.86,64.34,13.97,5,5,46.66,1,24,1
Maestria,5,6.18,19.72,9.61,0,5,20.0,1,25,1
Tecnico,5,9.24,9.76,42.46,0,9,55.82,1,34,1
Bachiller,10,16.28,16.68,93.37,1,7,26.5,0,25,0
Bachiller,8,59.52,92.37,54.24,0,5,3.68,0,27,1
Bachiller,5,15.05,82.15,52.75,1,5,81.53,1,28,1
Titulado,11,96.81,35.41,14.11,1,0,12.83,0,40,1
Titulado,12,44.67,65.58,0.08,3,6,36.8,0,41,0
Maestria,12,50.15,53.73,81.01,1,6,47.72,1,25,1
Tecnico,1,24.67,67.71,8.76,1,9,43.25,0,41,0
Maestria,1,47.1,68.27,63.38,3,8,72.57,0,21,1
Tecnico,12,66.19,62.87,91.46,2,6,59.68,1,35,0
Titulado,4,75.12,26.61,20.87,3,7,29.54,0,39,1
Titulado,14,75.39,3.9,66.53,1,3,5.17,0,20,0
Titulado,3,57.79,45.56,7.87,0,8,76.76,0,35,0
Maestria,10,90.44,89.1,60.38,0,0,35.25,0,20,1
Bachiller,1,81.74,56.95,16.39,1,7,88.97,1,20,0
Bachiller,14,75.7,83.24,73.6,6,2,39.51,1,26,0
Titulado,14,5.56,99.16,30.12,0,0,71.77,0,35,0
Bachiller,2,0.69,16.36,46.34,5,1,93.96,1,36,1
Bachiller,6,21.24,69.18,59.94,1,5,65.12,1,35,0
Maestria,7,66.35,67.43,17.13,3,4,41.35,1,35,0
Tecnico,11,41.12,98.0,74.16,3,2,56.74,0,25,0
Titulado,12,40.24,98.56,30.26,2,8,54.34,0,37,1
Titulado,5,88.46,68.67,66.24,2,7,58.48,1,41,0
Maestria,10,89.56,24.36,15.83,2,2,14.68,1,41,0
Maestria,4,90.92,79.86,68.81,2,1,69.85,1,22,0
Bachiller,12,31.39,10.7,12.82,4,7,14.5,1,27,0
Titulado,0,69.11,78.07,42.54,2,4,1.46,0,23,1
Tecnico,7,27.16,91.02,24.72,1,8,62.48,1,42,1
Maestria,2,19.06,38.28,74.84,2,0,11.69,0,23,0
Tecnico,14,18.46,63.06,26.2,3,9,77.04,0,36,0
Tecnico,5,34.21,43.01,88.17,3,2,86.6,0,41,0
Titulado,2,43.0,43.78,89.18,1,4,94.47,0,24,1
Titulado,6,83.09,31.04,19.64,3,1,66.45,0,44,0
Maestria,12,11.99,76.21,61.38,3,2,48.2,0,33,1
Titulado,13,73.49,93.62,8.77,1,3,35.23,0,34,0
Titulado,6,53.15,94.08,39.15,1,3,49.09,1,44,0
Titulado,11,28.79,17.48,71.33,0,8,19.04,0,31,0
Tecnico,14,49.28,87.47,65.94,1,0,34.84,1,32,1
Maestria,8,29.99,73.74,62.47,2,8,71.79,1,43,1
Bachiller,15,59.61,25.28,28.25,4,8,21.74,1,42,0
Tecnico,4,43.38,6.73,37.8,3,5,26.41,1,37,0
Titulado,14,16.44,26.8,10.29,1,0,74.93,1,33,0
Tecnico,7,11.66,91.22,71.9,3,5,17.78,0,43,1
Titulado,9,54.67,63.32,50.39,4,7,24.59,0,38,0
Titulado,9,90.24,72.11,70.88,2,4,1.75,1,41,0
Tecnico,15,34.4,25.72,24.89,3,4,72.01,1,26,0
Maestria,7,73.3,71.94,32.44,1,0,61.79,1,25,1
Titulado,0,65.87,2.81,33.42,0,0,69.44,0,24,0
Maestria,11,93.16,37.53,2.57,1,7,21.43,1,23,0
Bachiller,4,82.1,62.68,34.1,1,4,68.74,0,37,0
Titulado,2,56.66,14.61,80.33,3,7,59.64,0,44,1
Maestria,0,65.7,82.3,89.73,1,9,36.61,1,33,0
Maestria,3,89.84,23.5,51.82,4,1,43.78,0,35,0
Bachiller,7,39.95,65.23,45.55,4,3,56.79,0,42,0
Maestria,2,32.68,40.52,3.08,1,9,49.33,0,42,0
Maestria,15,1.08,59.6,87.92,1,8,64.18,1,39,0
Bachiller,15,82.66,10.75,1.3,1,2,18.1,1,33,1
Titulado,9,80.1,1.69,94.48,3,5,54.07,1,24,0
Maestria,1,10.45,90.96,48.92,3,6,45.03,1,41,0
Maestria,10,57.69,26.96,34.19,2,2,46.1,1,30,0
Maestria,8,46.4,81.97,92.42,2,0,46.94,1,31,0
Tecnico,9,11.87,99.94,2.44,4,1,88.15,1,37,0
Bachiller,4,98.06,21.14,58.14,1,9,81.86,1,23,1
Tecnico,15,21.47,26.52,54.89,2,6,62.96,0,32,0
Bachiller,13,6.72,66.29,21.93,2,6,71.65,1,39,1
Titulado,6,59.48,96.54,42.89,2,0,4.28,0,32,0
Titulado,10,73.89,91.58,65.23,3,9,74.4,0,23,0
Maestria,10,3.24,50.29,72.71,2,6,48.62,1,42,0
Bachiller,1,65.87,79.51,0.07,1,9,31.77,0,42,0
Titulado,8,53.23,13.57,93.69,3,5,13.98,0,26,0
Bachiller,15,10.33,97.74,16.45,2,5,7.52,1,42,0
Titulado,12,17.25,96.44,23.36,2,6,4.49,0,21,0
Tecnico,8,56.8,16.37,26.35,4,6,16.18,1,40,0
Titulado,3,29.64,29.94,3.78,0,0,3.01,0,37,0
Tecnico,3,93.83,10.02,12.31,5,9,73.26,0,40,0
Titulado,5,81.87,27.17,98.63,1,4,24.86,1,25,1
Maestria,9,98.36,81.6,31.52,1,7,36.87,0,35,0
Tecnico,9,25.97,37.83,11.53,2,7,82.27,0,22,0
Titulado,9,96.97,8.84,10.7,1,2,11.47,1,41,0
Maestria,5,43.12,34.22,71.95,1,2,83.56,1,34,1
Tecnico,11,34.75,98.14,85.46,0,6,63.95,0,40,0
Maestria,0,5.03,62.97,25.7,1,3,34.2,0,39,1
Bachiller,13,5.28,41.62,2.09,1,5,11.78,1,29,0
Bachiller,13,69.2,16.65,22.31,1,8,9.15,0,28,0
Tecnico,8,45.79,98.62,5.65,1,9,33.55,1,30,0
Titulado,1,22.65,82.08,10.34,0,1,14.03,1,33,1
Tecnico,4,61.4,28.15,43.15,3,1,26.77,1,43,1
Maestria,8,25.29,7.01,22.99,1,5,5.3,0,31,1
Titulado,3,57.76,5.66,51.59,2,2,59.5,0,26,0
Bachiller,10,35.92,12.04,25.35,1,0,14.53,0,30,1
Titulado,15,82.36,58.08,94.05,1,1,75.67,1,36,0
Bachiller,2,82.07,92.88,90.59,1,6,21.82,0,44,1
Titulado,14,47.74,49.67,56.68,1,3,79.8,1,28,0
Titulado,6,35.08,84.29,35.44,4,1,18.99,0,41,1
Titulado,5,36.26,44.59,38.11,5,7,72.14,1,42,1
Maestria,7,80.57,70.86,41.19,1,3,33.31,1,32,0
Maestria,2,32.82,73.19,72.76,0,3,58.31,0,35,0
Tecnico,4,20.91,17.4,45.16,3,1,3.87,1,22,0
Tecnico,9,8.47,36.12,85.67,4,0,49.52,0,24,0
Bachiller,3,46.67,63.73,94.41,4,0,14.87,0,42,0
Maestria,14,48.21,7.07,33.59,4,2,48.63,0,36,1
Bachiller,12,84.09,36.15,56.07,3,5,14.14,0,20,0
Tecnico,3,22.12,53.48,9.51,2,6,43.71,0,40,0
Bachiller,3,38.1,99.62,20.05,0,8,11.06,1,28,0
Tecnico,9,80.84,47.45,41.35,3,4,22.0,0,42,0
Maestria,7,82.36,81.61,20.62,3,8,59.51,1,36,0
Titulado,5,38.46,43.21,87.66,2,7,97.67,0,32,0
Maestria,2,45.91,79.64,15.83,1,0,44.92,1,34,0
Bachiller,9,30.33,59.54,45.57,2,2,68.72,1,40,0
Bachiller,4,93.26,88.66,60.57,1,7,53.94,0,27,1
Maestria,5,11.86,41.09,69.19,0,8,49.84,1,27,0
Maestria,4,93.37,60.43,38.31,4,3,6.47,0,21,1
Tecnico,5,68.39,63.0,86.91,1,5,14.43,0,42,1
Bachiller,7,53.16,41.74,56.83,4,3,88.31,0,29,0
Bachiller,6,3.27,14.43,43.95,2,8,41.02,1,24,0
Maestria,4,47.56,9.36,6.72,1,1,61.43,1,35,0
Titulado,9,40.77,1.67,46.47,3,5,52.82,1,44,1
Bachiller,5,16.12,87.35,82.07,2,2,37.89,1,38,0
Titulado,13,65.64,23.65,61.45,1,9,38.78,0,20,1
Maestria,3,97.12,21.15,83.22,0,3,55.55,0,32,0
Maestria,11,56.22,73.6,49.4,0,1,14.11,1,23,0
Tecnico,8,71.48,32.0,11.85,4,7,38.73,1,26,0
Bachiller,12,6.85,50.6,1.36,4,9,44.7,0,20,0
Titulado,3,41.77,16.25,30.32,3,7,98.51,1,21,0
Tecnico,0,11.64,95.97,69.8,1,0,35.15,0,35,0
Bachiller,6,61.28,85.16,79.03,1,9,64.46,1,33,1
Tecnico,6,93.85,86.38,29.58,4,5,13.74,1,24,1
Maestria,3,66.18,40.68,49.57,1,0,6.55,1,44,0
Bachiller,12,7.68,76.24,42.11,3,5,87.15,0,33,0
Tecnico,13,35.47,14.39,41.05,1,6,73.07,0,36,0
Tecnico,2,55.07,0.86,23.13,3,1,31.75,1,31,1
Titulado,7,40.32,2.0,13.64,2,8,50.46,1,39,0
Tecnico,4,83.36,58.66,19.67,2,7,13.57,1,31,0
Bachiller,15,81.47,45.54,5.53,3,8,70.72,1,22,0
Bachiller,9,61.18,51.8,19.81,3,9,7.03,1,40,0
Titulado,6,37.35,0.75,0.92,2,3,75.7,1,40,1
Bachiller,3,25.53,42.27,62.73,1,3,54.68,1,21,1
Maestria,3,10.59,71.81,31.64,1,7,27.89,1,40,0
Bachiller,7,35.49,44.27,97.31,2,0,86.26,0,44,1
Bachiller,13,41.32,73.22,19.37,2,7,98.61,0,40,1
Tecnico,7,67.58,23.3,34.58,3,6,25.43,0,34,0
Tecnico,1,65.82,81.31,35.78,0,6,80.62,0,30,1
Bachiller,13,7.01,58.84,0.85,4,8,75.02,1,29,0
Titulado,1,39.53,21.08,83.92,3,9,74.72,0,37,0
Tecnico,2,18.18,23.67,3.2,0,6,95.72,0,42,0
Titulado,14,15.68,62.8,94.02,2,1,48.66,1,41,1
Bachiller,11,82.73,82.99,89.21,0,0,67.42,0,42,0
Bachiller,11,4.19,41.56,53.55,2,0,82.39,0,43,1
Maestria,2,41.92,25.83,54.36,1,6,47.95,0,40,0
Tecnico,0,16.82,86.7,65.38,4,4,48.14,0,21,0
Bachiller,14,87.93,66.93,38.71,1,3,31.87,0,26,1
Maestria,13,55.7,44.81,64.72,0,4,78.08,1,26,1
Tecnico,2,23.14,48.79,4.48,2,9,68.62,1,43,0
Bachiller,5,50.24,20.43,5.4,2,9,45.11,1,26,0
Bachiller,7,73.15,62.68,45.72,1,5,41.93,0,42,0
Tecnico,12,95.81,35.87,54.96,2,9,7.26,0,33,0
Tecnico,11,22.04,99.56,88.78,3,5,0.65,0,44,1
Tecnico,13,88.62,48.02,10.47,2,0,52.89,1,43,0
Bachiller,9,93.43,48.59,82.26,1,1,41.75,0,21,0
Bachiller,5,91.64,56.59,21.0,0,2,79.6,0,21,0
Maestria,4,63.54,91.68,39.41,2,3,54.27,0,42,0
Titulado,14,62.98,80.08,31.66,2,5,93.67,0,34,0
Tecnico,3,40.32,45.11,40.02,1,8,19.61,1,30,0
Bachiller,15,75.24,71.87,15.05,3,1,99.02,1,29,1
Bachiller,2,53.13,58.62,50.36,1,7,29.79,0,22,1
Tecnico,15,67.74,49.24,80.16,4,8,64.24,1,36,0
Titulado,12,42.85,19.23,44.15,3,1,50.19,1,28,0
Tecnico,3,73.15,46.39,49.06,4,8,35.96,1,34,0
Titulado,13,82.45,24.58,84.88,3,6,13.93,0,33,1
Bachiller,6,14.64,91.48,70.61,0,8,13.48,1,38,0
Titulado,0,83.29,33.54,49.05,3,5,71.15,1,36,0
Maestria,6,54.03,95.23,25.77,1,1,37.76,0,41,1
Bachiller,0,84.47,53.31,88.49,0,7,96.13,1,39,0
Maestria,1,43.13,63.15,57.7,2,9,32.56,1,36,0
Tecnico,14,37.9,54.29,22.11,3,8,98.35,1,35,0
Tecnico,3,91.51,12.94,26.91,3,7,20.54,0,39,0
Tecnico,0,25.12,37.58,80.31,0,1,10.28,0,27,0
Titulado,10,84.42,9.91,4.41,0,7,31.26,1,26,1
Bachiller,11,48.4,62.3,99.21,3,2,88.56,0,31,0
Tecnico,10,51.41,44.69,13.04,2,2,52.19,0,20,0
Tecnico,14,30.85,77.8,79.61,5,8,13.57,0,31,0
Bachiller,10,57.3,22.05,39.48,3,8,20.25,1,44,1
Tecnico,8,32.52,16.46,49.22,1,8,31.13,1,25,1
Maestria,11,3.93,40.63,88.07,1,3,59.02,0,35,0
Bachiller,5,27.2,92.66,41.29,1,6,33.24,1,37,0
Bachiller,12,0.64,71.04,53.75,2,7,74.71,0,38,0
Bachiller,0,97.84,41.89,4.93,0,4,61.63,0,42,0
Maestria,0,96.57,51.73,0.23,4,0,87.38,1,22,0
Bachiller,5,39.52,8.42,24.48,0,8,50.1,0,22,0
Maestria,3,72.84,98.46,68.06,2,5,33.12,0,24,1
Bachiller,3,34.58,66.64,12.13,2,2,99.63,0,22,0
Titulado,15,67.11,28.54,11.38,1,2,35.56,0,38,0
Tecnico,14,80.54,58.58,41.1,1,9,42.86,1,24,0
Titulado,10,94.68,10.95,64.78,3,0,80.91,0,33,0
Tecnico,14,40.02,96.58,71.21,2,7,8.86,1,40,0
Maestria,5,78.33,17.48,17.85,5,1,38.65,0,35,0
Titulado,14,26.59,64.8,7.96,1,0,8.57,1,44,0
Bachiller,13,99.03,24.55,94.04,4,6,13.93,0,20,1
Tecnico,11,2.58,71.76,26.07,2,8,0.46,0,36,1
Tecnico,10,60.35,77.68,85.33,2,5,0.95,1,30,0
Titulado,6,65.95,67.34,86.35,2,7,38.03,1,28,0
Maestria,8,68.8,61.45,77.25,4,7,80.92,0,40,0
Titulado,9,12.04,89.25,16.88,0,8,58.7,0,23,0
Maestria,15,93.85,7.86,82.18,1,6,63.49,0,21,0
Maestria,4,18.12,33.09,76.93,1,8,51.92,0,28,1
Tecnico,8,62.28,24.83,59.67,3,8,81.98,0,41,0
Titulado,3,22.27,98.8,33.72,1,0,88.04,1,44,1
Titulado,12,30.72,38.94,26.25,1,5,84.97,1,24,0
Maestria,9,54.65,73.26,12.19,3,7,81.21,0,23,1
Titulado,1,41.72,68.47,50.98,2,9,18.27,1,42,0
Bachiller,2,16.02,21.21,58.53,6,8,59.39,1,24,1
Bachiller,12,17.09,23.9,35.93,4,3,58.22,0,43,0
Titulado,10,41.81,28.13,47.54,1,1,52.79,1,43,1
Titulado,0,75.73,41.11,36.35,1,8,48.08,0,37,0
Maestria,13,89.8,23.43,64.1,1,8,8.92,1,32,0
Bachiller,13,8.41,1.97,90.13,2,7,10.22,1,24,0
Bachiller,5,39.31,87.94,16.39,2,2,90.23,1,43,0
Tecnico,12,10.02,96.56,38.14,7,4,63.02,1,38,0
Maestria,5,1.66,34.16,14.09,3,1,26.23,1,42,0
Tecnico,0,66.17,33.85,62.49,1,2,27.93,0,22,0
Bachiller,10,60.24,0.71,72.89,1,0,61.02,1,41,0
Maestria,12,16.3,68.03,93.19,1,3,40.69,0,37,0
Titulado,2,23.38,82.54,27.89,1,4,44.13,1,25,1
Maestria,4,2.37,14.66,95.02,2,1,6.06,1,25,1
Titulado,2,83.49,15.97,6.33,2,2,13.87,1,43,0
Titulado,9,97.47,79.01,60.3,1,5,39.34,0,24,0
Maestria,2,13.55,61.63,5.71,3,5,69.97,1,20,1
Titulado,13,23.15,4.49,89.38,1,6,4.8,1,27,1
Tecnico,9,86.84,62.25,52.98,0,8,33.46,0,44,0
Bachiller,2,92.65,30.89,66.93,2,3,69.51,0,20,1
Titulado,4,41.96,36.87,83.16,5,4,79.21,0,40,0
Tecnico,12,5.06,76.97,15.03,2,1,19.02,1,25,1
Titulado,15,3.94,81.09,3.86,2,5,73.15,1,39,0
Bachiller,4,57.39,40.04,87.89,1,3,95.54,1,33,0
Tecnico,3,39.29,94.72,31.49,3,4,90.68,1,30,0
Bachiller,0,2.87,40.65,12.9,1,6,78.94,0,21,0
Bachiller,4,58.33,77.18,46.85,1,5,71.23,0,40,0
Tecnico,9,1.13,48.39,59.83,2,7,23.51,1,23,1
Tecnico,15,78.74,89.75,3.1,3,5,63.39,0,32,0
Tecnico,4,30.64,90.78,27.49,1,9,64.33,0,26,0
Maestria,3,4.03,8.74,3.28,4,7,40.68,0,25,0
Tecnico,5,58.84,93.65,42.03,3,3,49.3,1,22,0
Tecnico,9,39.77,82.55,89.51,3,6,69.4,0,28,1
Tecnico,3,97.38,79.13,98.27,2,2,95.21,1,33,1
Tecnico,13,54.42,20.09,63.7,4,0,29.53,1,39,0
Titulado,6,27.52,80.51,16.16,3,8,24.64,1,30,0
Maestria,6,70.94,85.01,90.58,2,8,60.18,0,24,0
Bachiller,1,27.15,28.92,51.62,3,5,13.08,0,33,1
Tecnico,2,90.42,95.23,15.37,2,1,58.25,0,38,0
Titulado,0,37.47,4.99,92.17,1,7,8.89,0,27,0
Titulado,7,54.99,14.99,75.75,2,9,49.06,1,26,0
Titulado,8,5.06,53.76,73.17,4,5,62.04,1,26,1
Bachiller,3,42.61,57.58,70.92,3,6,7.01,1,43,0
Tecnico,5,83.24,64.52,20.03,5,0,20.7,0,42,0
Maestria,8,80.56,1.7,21.1,2,2,33.54,0,22,0
Maestria,5,22.43,96.04,68.83,0,0,36.86,0,22,0
Titulado,13,22.61,4.46,21.97,1,9,67.61,1,37,0
Bachiller,11,81.73,14.31,43.87,1,0,52.9,1,32,0
Bachiller,11,93.04,1.4,78.2,0,0,38.21,0,20,0
Bachiller,11,9.54,56.69,78.4,0,3,45.07,1,24,1
Maestria,8,45.01,93.23,45.33,4,6,1.3,1,23,0
Titulado,14,33.75,66.59,79.22,2,6,77.05,0,35,0
Tecnico,3,87.07,82.27,83.86,4,4,4.1,0,34,1
Maestria,7,8.35,1.33,65.48,1,5,82.93,1,37,1
Titulado,8,21.11,54.2,22.84,1,1,54.1,0,36,1
Titulado,3,75.25,45.96,27.4,1,4,52.78,1,33,1
Tecnico,4,5.13,49.9,31.48,6,6,70.46,0,33,0
Tecnico,13,49.25,7.22,11.68,2,8,85.96,1,38,0
Tecnico,7,44.21,68.44,27.32,2,5,94.26,0,25,0
Bachiller,11,33.44,50.32,20.95,3,9,54.34,0,32,1
Tecnico,9,39.46,76.51,45.53,6,3,15.07,0,37,0
Titulado,13,52.99,48.53,90.84,4,2,87.86,1,34,0
Tecnico,5,16.14,14.94,10.45,2,8,4.07,1,42,0
